variant,fold,row_index,match_id,Date,y_true,pred_delta_GD15_sum,pred_delta_KP15_mean,pred_delta_Tower15,pred_delta_FirstTower,pred_delta_FirstDragon,pred_delta_NumberDragon,pred_delta_NumberVB,pred_delta_Herald,pred_delta_TeamJGShare,pred_delta_MiniTF_count,pred_delta_MiniTF_WR,pred_delta_TeamFight_WR,actual_delta_GD15_sum,actual_delta_KP15_mean,actual_delta_Tower15,actual_delta_FirstTower,actual_delta_FirstDragon,actual_delta_NumberDragon,actual_delta_NumberVB,actual_delta_Herald,actual_delta_TeamJGShare,actual_delta_MiniTF_count,actual_delta_MiniTF_WR,actual_delta_TeamFight_WR
M1plusM2plusRWTS_indices_logistic,1,114,2024-06-26__RA__TES__G1,2024-06-26,1,11576.019347910831,-0.07718927051243318,1.9235063574228994,1.6678008756399838,0.2937305546908751,0.5191927118178266,5.090434386724073,0.3837025669402479,20.965563106460454,-0.0513354640281949,0.49051596571514533,0.3288640366990671,-622.0,-0.11999999999999988,0.0,-1.0,1.0,3.0,0.0,1.0,11.799999999999997,0.0,-1.0,0.0
M1plusM2plusRWTS_indices_logistic,1,115,2024-06-26__RA__TES__G2,2024-06-26,0,347.5068065847686,0.05009056801064462,-0.25515979401131217,-0.02060797348668164,0.15773986859001532,0.44854594827485084,1.1353703574237686,0.008629973485794834,0.9214707708085408,0.01131189969991696,0.3843539323437971,0.12770921865845236,-1286.0,0.09999999999999998,0.0,-1.0,1.0,-1.0,0.0,-1.0,-14.0,0.0,,-0.3333333333333333
M1plusM2plusRWTS_indices_logistic,1,116,2024-06-27__BLG__LGD__G1,2024-06-27,1,2987.559281261381,0.07581010000753804,0.19692628128097658,0.4089401979918828,0.0873889312976715,1.7267197410280988,0.7374171662322704,0.13613487582018455,7.84006914019391,-0.08067996614665833,0.6040377835580214,0.2537366862610236,-3468.0,0.20000000000000007,0.0,1.0,-1.0,3.0,6.0,1.0,10.200000000000003,0.0,1.0,0.28571428571428575
M1plusM2plusRWTS_indices_logistic,1,117,2024-06-27__BLG__LGD__G2,2024-06-27,1,6196.087117719633,-0.09302875864920887,0.8982735805260587,1.2158159240186186,0.21227678388612342,-0.10462113968555209,4.783561559014288,-0.08266579413361275,8.171420649716463,0.023399229098641366,0.390251236434886,0.06740707092816971,11492.0,0.2668,2.0,1.0,1.0,4.0,6.0,1.0,24.400000000000006,0.0,1.0,1.0
M1plusM2plusRWTS_indices_logistic,1,118,2024-06-27__BLG__LGD__G3,2024-06-27,1,2666.468999813259,0.06827122984538553,-0.03819407836974614,0.1989074451055574,0.16578786089158787,0.9612156807166063,1.9810576536091427,-0.025866471776908873,13.361110169636412,-0.014015767177596785,0.20881491402575597,0.2246440271004676,-3064.0,-0.19999999999999996,0.0,-1.0,1.0,4.0,-4.0,1.0,4.0,0.0,-1.0,0.0
M1plusM2plusRWTS_indices_logistic,1,119,2024-06-27__RNG__WE__G1,2024-06-27,1,-2809.6250780016703,-0.16786055159916283,0.5151572210895888,-0.16424047537261632,-0.1675131654650971,-2.8801641579655293,-2.3003974513097196,-0.15894648551150237,-14.570284360620215,-0.014780774938577311,-0.15686294159630176,-0.6209806585966986,2032.0,0.19999999999999996,1.0,1.0,-1.0,2.0,4.0,1.0,24.599999999999994,0.0,,-0.5
M1plusM2plusRWTS_indices_logistic,1,120,2024-06-27__RNG__WE__G2,2024-06-27,1,2027.6215415739084,0.15239681296964253,-0.9693012430747031,-0.23250777392682764,0.3612806707112282,2.5404848496322474,0.252837694145583,0.10427608702837723,9.49109060712732,-0.045405452884552,0.3612439768072029,0.03204988157288641,1520.0,0.19999999999999996,1.0,1.0,1.0,4.0,6.0,-1.0,-4.0,0.0,,1.0
M1plusM2plusRWTS_indices_logistic,1,121,2024-06-27__RNG__WE__G3,2024-06-27,0,1120.1586565888763,0.10601024622011435,-0.7463232936435015,0.041210778233534806,0.2747083716725545,2.4238394092936364,0.821726978446674,0.08410693961219395,8.28916481677872,-0.076846753642742,0.010365622123583926,-0.10263041775004461,-3758.0,-0.16659999999999997,0.0,-1.0,-1.0,-1.0,-2.0,-1.0,-10.799999999999997,0.0,,-0.6000000000000001
M1plusM2plusRWTS_indices_logistic,1,122,2024-06-28__EDG__JDG__G1,2024-06-28,1,4290.29138733724,-0.13293247262369115,1.0582567066160522,0.8206840805896933,0.9556810032994536,0.698572844052076,5.630007387242112,0.07903928070790088,13.507263562572025,-0.08725146270054182,-0.4896953259729431,0.03861299414412023,3660.0,0.19999999999999996,0.0,1.0,1.0,2.0,0.0,-1.0,13.200000000000003,0.0,,0.6666666666666667
M1plusM2plusRWTS_indices_logistic,1,123,2024-06-28__EDG__JDG__G2,2024-06-28,0,-3445.794410656456,0.11093476674269662,-0.969797665867809,-0.057219019287636286,0.7809688359977409,-0.2647439775306535,-0.8539578201868026,-0.10257781663036403,-6.110809051676289,0.009112137144668844,0.3477776006455186,-0.4498476900580633,-144.0,0.09999999999999998,0.0,-1.0,-1.0,-3.0,0.0,1.0,-20.0,0.0,0.0,-0.6000000000000001
M1plusM2plusRWTS_indices_logistic,1,124,2024-06-28__FPX__TT__G1,2024-06-28,1,928.3351558882543,0.023749162888944558,0.108946949182824,-0.002717603065561347,0.7135712463853876,0.7053895982750629,-1.4934549028269608,-0.38402976322611376,-4.829364932389802,-0.08499174646884029,0.36609190044256296,-0.2693913545596572,5346.0,-0.13359999999999983,1.0,1.0,-1.0,-3.0,2.0,1.0,4.599999999999994,0.0,0.0,0.3333333333333333
M1plusM2plusRWTS_indices_logistic,1,125,2024-06-28__FPX__TT__G2,2024-06-28,0,-159.9192017590783,-0.03812484073820845,-0.0283012840584429,0.36790936465762136,0.3753846210071459,-0.04653731770831904,1.1156974452091883,0.24625833413513792,-0.24856576287687404,-0.06826977411482453,0.17890892007075127,-0.29538855825914784,-10896.0,-0.022400000000000087,-2.0,-1.0,1.0,4.0,-6.0,1.0,1.5999999999999943,0.0,-1.0,-0.16666666666666669
M1plusM2plusRWTS_indices_logistic,1,126,2024-06-29__IG__WBG__G1,2024-06-29,0,-2336.2070806971324,-0.08556838643801723,-0.07131533362170861,-1.0412283289585278,0.7823893768781853,0.9570852435042536,-0.8191121674159152,-0.24610985730783408,-3.1444824459268856,-0.11315758971957655,-0.7473217067709649,-0.7266730346199615,-6612.0,-0.08000000000000007,-1.0,-1.0,1.0,-2.0,6.0,1.0,-5.599999999999994,0.0,0.3333333333333333,-1.0
M1plusM2plusRWTS_indices_logistic,1,127,2024-06-29__IG__WBG__G2,2024-06-29,1,-2284.22226918441,0.043678554161797604,-0.9983801968236089,0.8209622975935459,1.2140290218796996,0.06757851092975131,0.4351156565880572,-0.6310877391015792,5.054513675106356,-0.04185348733310686,1.1122062216317712,-0.18968250094878364,7024.0,0.0,2.0,1.0,1.0,0.0,2.0,-1.0,18.400000000000006,0.0,,0.39999999999999997
M1plusM2plusRWTS_indices_logistic,1,128,2024-06-29__NIP__UP__G1,2024-06-29,0,-4521.701550984006,0.019700063496330203,-1.053495412509128,-0.397049468034004,0.991495798149012,0.4514181193256741,2.1867695557239126,-0.4040771818779479,-5.5801603061129015,-0.06020191521724223,0.15584292640489567,-0.44169046521252037,-5608.0,0.1998000000000001,-1.0,-1.0,1.0,-2.0,-2.0,-1.0,-24.599999999999994,0.0,,-1.0
M1plusM2plusRWTS_indices_logistic,1,129,2024-06-29__NIP__UP__G2,2024-06-29,1,2347.5294669148952,-0.08816542545159144,0.5870055850057669,0.9759243797532751,0.43087375015299684,0.3375713012592423,0.6703491278191648,0.12139857429981646,7.732448662188011,-0.15084888181488845,-0.29151137451014403,-0.15501605765069817,10440.0,,2.0,1.0,-1.0,0.0,6.0,1.0,11.200000000000003,0.0,1.0,1.0
M1plusM2plusRWTS_indices_logistic,1,130,2024-07-05__AL__FPX__G1,2024-07-05,1,4293.743056303626,-0.038351795759770595,0.47975241680083136,0.9925896174794795,1.257067347093167,0.22537910456150168,6.101962386632245,-0.9662104041276971,9.681768535672152,0.006950376464568468,0.6730379492462849,-0.26850073675590586,-4130.0,-0.06400000000000006,-1.0,-1.0,-1.0,0.0,2.0,-1.0,4.400000000000006,0.0,,0.0
M1plusM2plusRWTS_indices_logistic,1,131,2024-07-05__AL__FPX__G2,2024-07-05,0,4471.305839635619,0.017211910233151387,-0.2641747063383224,0.3541532240317794,0.3814562214028459,1.4993950518385153,-1.4692683855144149,0.23993573865083292,9.017419434010243,-0.07969439470806468,0.3414002787147578,-0.046371372832273425,7228.0,0.029600000000000015,1.0,1.0,1.0,1.0,0.0,1.0,-2.200000000000003,0.0,-0.16666666666666669,-0.5
M1plusM2plusRWTS_indices_logistic,1,132,2024-07-05__EDG__RNG__G1,2024-07-05,1,-3049.5827801199644,0.06735355297776928,-0.8713193121996515,-0.948416582435592,1.2126958168476407,1.6418057013396072,-0.4145206410584872,-1.2858050546651387,-7.952523584960866,0.00735260524855756,1.1428692531665894,-0.0036614120796065186,2578.0,0.010000000000000009,2.0,1.0,1.0,2.0,4.0,-1.0,-4.0,0.0,0.0,-1.0
M1plusM2plusRWTS_indices_logistic,1,133,2024-07-05__EDG__RNG__G2,2024-07-05,0,-2185.701754551291,0.11319567923573058,-0.8396482086776841,-0.7118596513268222,1.7436799171087929,2.9322274708282166,-0.9905688925488143,-1.0923709908147936,-2.4887134220429914,-0.02833679515189194,1.6057891528830344,0.15136590950702572,1134.0,,-2.0,-1.0,1.0,-2.0,-6.0,1.0,8.799999999999997,0.0,-1.0,-0.25
M1plusM2plusRWTS_indices_logistic,1,134,2024-07-05__EDG__RNG__G3,2024-07-05,1,-5458.838787597959,0.0753683363342064,-1.0609907533298761,-1.0620477185097639,1.575418912971983,1.5811746462458782,0.8813558601804418,-1.4512671838197533,-6.881970400416891,-0.02611249159790354,0.9618608990594119,-0.15583745258691073,552.0,0.21999999999999997,0.0,1.0,1.0,3.0,4.0,1.0,6.200000000000003,0.0,,0.75
M1plusM2plusRWTS_indices_logistic,1,135,2024-07-06__JDG__WBG__G1,2024-07-06,0,12444.36779939398,-0.10089744240708864,1.6317928819091967,1.0837919410156727,0.24464512578487446,1.529050057647247,4.080442596933482,0.049490320889142014,29.848064493371222,-0.051948682821210096,-0.36278324196702383,0.2501860717320203,-2970.0,0.000200000000000089,-1.0,-1.0,-1.0,-3.0,6.0,-1.0,-0.5999999999999943,0.0,-1.0,-0.3333333333333333
M1plusM2plusRWTS_indices_logistic,1,136,2024-07-06__JDG__WBG__G2,2024-07-06,1,-4692.784850886032,0.10039481681713608,-0.7922056527984577,0.46873188047030323,1.4878295432386754,-0.44918897185225126,3.0352706681311217,-0.03492918429984729,-9.866419439226265,-0.004476307428566634,0.3618285194722622,-0.13764021092790732,1390.0,0.08000000000000007,0.0,-1.0,-1.0,-2.0,2.0,-1.0,12.200000000000003,0.0,-1.0,0.8
M1plusM2plusRWTS_indices_logistic,1,137,2024-07-06__RA__TT__G1,2024-07-06,0,18.234644281784767,-0.07456767656047475,-0.19683076804302335,0.17235590869864786,0.48340181161990464,-0.5697998393942771,0.3619488325676141,-0.2347964671335342,-1.3905157550542586,-0.04336665173126164,0.018395898788740733,-0.7710449408116697,2180.0,-0.06679999999999986,2.0,1.0,1.0,0.0,4.0,-1.0,-7.400000000000006,0.0,-1.0,-0.5
M1plusM2plusRWTS_indices_logistic,1,138,2024-07-06__RA__TT__G2,2024-07-06,1,174.95251662590545,-0.04667324526503368,-0.028460425010195578,0.12326228467651007,1.08766826502491,1.1665288088821686,0.11701856410272127,0.020481263120518303,0.7022621548311412,-0.07418616918911454,0.0876410777203561,-0.3981684635408675,-1030.0,0.00019999999999997797,0.0,-1.0,1.0,2.0,-4.0,1.0,0.4000000000000057,0.0,-1.0,0.6000000000000001
M1plusM2plusRWTS_indices_logistic,1,139,2024-07-07__LNG__NIP__G1,2024-07-07,0,2132.3781731335766,0.06303897183996411,0.4440323416018675,1.1821974236558583,0.21165554723243124,0.26944898199597556,-0.39000631173764844,-0.1468133203231448,4.0924809691521356,-0.1085154655491131,0.4267404860622064,0.07371639027066301,-2900.0,0.019999999999999907,-1.0,-1.0,-1.0,-2.0,4.0,1.0,-16.0,0.0,,-0.75
M1plusM2plusRWTS_indices_logistic,1,140,2024-07-07__LNG__NIP__G2,2024-07-07,1,991.9037585122252,-0.05415481851678194,-0.47951606983899564,-0.08975220724787508,1.1383624776033263,1.3183791747306572,4.876030690556512,0.5756537502972124,6.593789152154257,-0.062063008812745624,-0.18068998182955448,0.30880233421448333,516.0,-0.19979999999999998,-1.0,-1.0,-1.0,0.0,4.0,1.0,9.0,0.0,0.5,1.0
M1plusM2plusRWTS_indices_logistic,1,141,2024-07-07__UP__iG__G1,2024-07-07,0,-3439.553479636306,0.08914164523486359,-1.1665619727742387,0.3605477562424227,1.0798609441200282,0.015067482157662848,-1.0401736013614713,-0.9990452165550308,-7.300872436931425,-0.07841439203200141,0.8560294248496064,-0.6607913630293247,2132.0,0.033399999999999985,1.0,1.0,-1.0,-3.0,6.0,-1.0,-11.599999999999994,0.0,-1.0,0.19999999999999996
M1plusM2plusRWTS_indices_logistic,1,142,2024-07-07__UP__iG__G2,2024-07-07,1,-1462.8372828301594,-0.15754915184675686,-0.15621392443415183,-0.8515499212168013,0.9988224457589661,1.0534457645743502,-1.5552352504651619,-0.4024386792299229,0.9198528448117005,-0.19549753140986306,-0.5340494429719412,-0.831202813139065,3358.0,,0.0,1.0,-1.0,0.0,6.0,1.0,8.599999999999994,0.0,1.0,0.28571428571428575
M1plusM2plusRWTS_indices_logistic,1,143,2024-07-08__AL__LGD__G1,2024-07-08,0,7560.605124474234,-0.02950943377215742,0.6140624887413737,-0.13788175413419623,-0.13747453295431727,2.0497206343972056,-1.1347470177810133,1.0954488237028235,19.173287103650047,-0.1075326824918103,-1.2104701145846561,0.3627355488407226,-12094.0,0.13319999999999987,-2.0,-1.0,-1.0,-3.0,-6.0,-1.0,-19.599999999999994,0.0,,-1.0
M1plusM2plusRWTS_indices_logistic,1,144,2024-07-08__AL__LGD__G2,2024-07-08,1,1319.9732609923954,0.06359482799909463,0.21915548189734524,1.6977640512429693,2.098422195510165,-0.48818175215584825,6.468203724774111,-1.6129099282021209,-4.059353664633385,0.0029816717367980392,1.6270712102929619,-0.5546713803797299,4654.0,-0.2,2.0,1.0,-1.0,0.0,0.0,1.0,4.200000000000003,0.0,,0.3333333333333333
M1plusM2plusRWTS_indices_logistic,1,145,2024-07-08__EDG__WE__G1,2024-07-08,0,-1536.7417219841386,-0.21524546122964516,0.2920609928538911,0.20776479820325164,1.2121430679206773,-2.565773748878558,3.2632502572907005,-0.7499576108831179,-21.86715458285882,-0.011618740646492725,0.5560525892021263,-0.9311499442804867,3050.0,0.020000000000000018,1.0,1.0,-1.0,-4.0,6.0,1.0,0.0,0.0,-0.5,-1.0
M1plusM2plusRWTS_indices_logistic,1,146,2024-07-08__EDG__WE__G2,2024-07-08,1,6388.15568329306,0.07048524264195738,0.12451757491310322,0.40442984242231794,-0.7241555830186135,1.8520507525858345,-1.1064758442623848,0.529831550704247,23.709564607542994,-0.05938850347890677,-0.6294077383479474,-0.008531256044196758,3772.0,-0.13340000000000007,0.0,1.0,-1.0,2.0,0.0,1.0,-3.4000000000000057,0.0,,1.0
M1plusM2plusRWTS_indices_logistic,1,147,2024-07-09__FPX__JDG__G1,2024-07-09,1,3143.345462450761,-0.03562348264294366,0.18580428217626416,0.9777068383672027,1.4320437461126578,1.4860571076418936,2.49160490008646,0.01145641463515637,11.264251375590277,-0.08045119402860715,0.37418093378631767,-0.05146136533370574,7796.0,-0.08499999999999996,0.0,1.0,1.0,2.0,6.0,1.0,25.0,0.0,1.0,1.0
M1plusM2plusRWTS_indices_logistic,1,148,2024-07-09__FPX__JDG__G2,2024-07-09,1,945.9077692007089,0.04704154408039372,-0.6229455627808048,-0.1387999025092208,1.103527769581026,1.5297012877962077,-1.4115878393165568,-0.20160438319819002,-2.1645063818930153,-0.022608280304578315,0.516135054839658,-0.13053233083250806,7302.0,0.09999999999999998,1.0,1.0,-1.0,0.0,6.0,1.0,22.599999999999994,0.0,1.0,0.0
M1plusM2plusRWTS_indices_logistic,1,149,2024-07-09__FPX__JDG__G3,2024-07-09,1,3705.6470065023227,-0.03933304528744992,0.0905022115959408,0.7923698551945575,1.6420438746079637,1.0373679030196437,3.5241204555638213,-0.37610501728056117,16.00270896893095,-0.051041543023959995,0.4613576267418481,-0.1795923859257989,4642.0,-0.06699999999999995,0.0,-1.0,-1.0,1.0,0.0,-1.0,19.200000000000003,0.0,,0.39999999999999997
M1plusM2plusRWTS_indices_logistic,1,150,2024-07-09__OMG__RNG__G1,2024-07-09,1,-1132.2640145377054,0.11879928010778279,-0.260586338686973,-0.5589749737003854,0.12193278026394722,1.096460406997524,-3.8330990576282407,-1.345341610113355,5.840976976075058,-0.03631729970450111,0.6418722680205551,0.23856299350721907,6520.0,0.25,0.0,1.0,1.0,4.0,2.0,1.0,18.799999999999997,0.0,-1.0,1.0
M1plusM2plusRWTS_indices_logistic,1,151,2024-07-09__OMG__RNG__G2,2024-07-09,0,101.46583927945699,-0.10155955334310778,0.44355732100386974,0.317457982003018,0.18823417828724914,-1.9536592314746926,2.5005514567723894,0.13212658133494387,-6.231108735001459,-0.028520432398897552,-0.3722851567916147,-1.068928010945259,952.0,-0.13339999999999985,0.0,1.0,-1.0,0.0,2.0,1.0,3.0,0.0,,0.0
M1plusM2plusRWTS_indices_logistic,1,152,2024-07-10__LNG__WBG__G1,2024-07-10,1,4238.58334329295,-0.0027740847265168207,0.14859485448918053,0.6826954654905157,0.6578331092809957,2.3475184779233196,1.4732372132248956,0.37802372177564125,10.19362265466157,-0.1195267619171531,-0.04635586224916395,-0.09241719081964128,3116.0,0.010000000000000009,0.0,-1.0,-1.0,1.0,0.0,1.0,6.200000000000003,0.0,-1.0,1.0
M1plusM2plusRWTS_indices_logistic,1,153,2024-07-10__LNG__WBG__G2,2024-07-10,1,148.4628120794482,-0.06152959764430156,-0.3041410079988357,0.7060141076328288,1.3519606122759222,0.5914345947483339,2.4671238259275734,-0.2671592115732018,-0.17824723121007024,-0.06454191977634399,0.6902880207815079,-0.32040420786924545,2412.0,0.09999999999999998,0.0,-1.0,-1.0,1.0,6.0,1.0,14.400000000000006,0.0,0.0,1.0
M1plusM2plusRWTS_indices_logistic,1,154,2024-07-10__LNG__WBG__G3,2024-07-10,1,3935.007325402804,-0.046785806502995235,-0.17248375723022114,0.5332214201759928,0.9302934799010765,1.682354281382133,1.6710535245738516,-0.2502558992280916,13.024408357102237,-0.08876118894278044,0.10534613019878901,-0.4335989331201211,-2992.0,,0.0,-1.0,1.0,4.0,-2.0,-1.0,10.200000000000003,0.0,-1.0,1.0
M1plusM2plusRWTS_indices_logistic,1,155,2024-07-10__TT__iG__G1,2024-07-10,1,-897.8340781644697,-0.023967933967066448,-0.5967159983082929,0.923672098826899,0.41949688226615683,0.16769133234717637,0.8037928438026565,0.5073074041773447,9.148763868590992,-0.1045774287337055,0.6090072795603861,-0.16936915358666083,5420.0,0.0,0.0,1.0,1.0,4.0,6.0,1.0,11.799999999999997,0.0,,1.0
M1plusM2plusRWTS_indices_logistic,2,156,2024-07-10__TT__iG__G2,2024-07-10,0,-3160.0820320821017,-0.10479477302741484,-0.2083564606454047,0.05714412357249021,0.41784397735876094,-0.4245341937403134,-0.5174646655511623,-0.0028234413479402976,-16.10759411327491,-0.05978877861915765,-0.08540011991899016,-0.5166734731757249,-796.0,-0.000200000000000089,0.0,1.0,-1.0,-3.0,-6.0,1.0,-32.400000000000006,0.0,-1.0,-0.8
M1plusM2plusRWTS_indices_logistic,2,157,2024-07-11__AL__NIP__G1,2024-07-11,0,1612.7415542650674,0.036846767608228706,-0.010541019815961283,0.673229411283778,-1.2782496402883337,-0.8455134011228191,1.1542207805808813,0.21712287661396154,-4.9128218855999215,-0.046240203238491866,-0.3240783465790779,-0.1482549179846821,-2328.0,0.13339999999999996,0.0,-1.0,-1.0,-3.0,0.0,1.0,-9.599999999999994,0.0,1.0,-1.0
M1plusM2plusRWTS_indices_logistic,2,158,2024-07-11__AL__NIP__G2,2024-07-11,1,987.3400457898771,-0.023843694828354543,0.32938975915431573,0.1944598413255192,0.08153627779268341,0.11411191417244027,3.314563488061041,-0.041584592609788945,7.514492201843542,0.013456477943114348,0.4604638865097291,-0.2739540817494681,3778.0,0.12,1.0,1.0,-1.0,1.0,6.0,1.0,19.0,0.0,,0.6000000000000001
M1plusM2plusRWTS_indices_logistic,2,159,2024-07-11__RA__UP__G1,2024-07-11,1,299.1354518423335,-0.01495480665016859,0.11154515068263754,0.12132307146262564,0.04597482931786895,-1.0144359731012202,2.542959846454396,0.43373446060000165,-2.9582091838288025,-0.009134022294667138,0.5253626173750541,-0.2288563437574762,13632.0,-0.275,1.0,1.0,1.0,3.0,3.0,1.0,28.800000000000004,0.0,,0.0
M1plusM2plusRWTS_indices_logistic,2,160,2024-07-11__RA__UP__G2,2024-07-11,0,-383.10857301049987,-0.03978161697674587,-0.1653145000607923,-0.0052430297269460135,-0.6264861955112206,-0.6723204751434915,1.9899588255762095,0.18816953276956447,3.454465654628694,-0.06673943291443084,-0.35810427023819363,-0.40635093940860434,-4362.0,-0.06999999999999995,-1.0,-1.0,-1.0,-1.0,6.0,1.0,-18.400000000000006,0.0,,-0.3333333333333333
M1plusM2plusRWTS_indices_logistic,2,161,2024-07-12__BLG__TES__G1,2024-07-12,1,1420.1605265998633,0.08215868098303372,0.43546549469371437,0.7200409646766814,-0.5846767581775767,0.6202550833739277,2.6204099391471902,1.1846275622630038,2.900371111922533,-0.05488010668158167,-0.12736583683451047,0.36587595392822836,-1466.0,-0.09499999999999986,1.0,1.0,-1.0,-2.0,0.0,-1.0,-5.799999999999997,0.0,-1.0,0.0
M1plusM2plusRWTS_indices_logistic,2,162,2024-07-12__BLG__TES__G2,2024-07-12,1,4041.914285476456,-0.033564252900004796,0.3757888775120055,0.668108033536683,-0.8381117756821286,-0.2572385591626083,3.5537507969209026,-0.5168818220652706,1.7027270718688077,0.0006649211528761689,0.37765957664028,-0.12345301892932158,-3186.0,0.16660000000000003,-2.0,-1.0,1.0,4.0,-6.0,1.0,-4.200000000000003,0.0,,0.8
M1plusM2plusRWTS_indices_logistic,2,163,2024-07-12__BLG__TES__G3,2024-07-12,0,-837.373521660515,0.110988083966647,-0.2963193140578516,0.6373246769296117,-0.3615915602246179,-0.6114958896065008,2.8020645886084967,1.2498212423108246,-3.770397925172906,-0.034091465334842336,-0.33298315697801467,0.0732433739146874,-8798.0,0.2667999999999999,-1.0,-1.0,1.0,0.0,-6.0,-1.0,-24.599999999999994,0.0,-1.0,-1.0
M1plusM2plusRWTS_indices_logistic,2,164,2024-07-12__EDG__OMG__G1,2024-07-12,0,-6664.005584085331,0.10825391803499478,-1.6035029467660398,-1.2694194198299562,0.6823639368376975,-0.9724801151440781,3.4819554864645177,0.10146789654888413,-14.845240039185096,-0.027938664563373627,0.8346351941033634,-0.800097117299246,4122.0,,1.0,1.0,-1.0,2.0,6.0,1.0,6.0,0.0,,-0.125
M1plusM2plusRWTS_indices_logistic,2,165,2024-07-12__EDG__OMG__G2,2024-07-12,0,4905.9423717196605,-0.12321263934660877,0.9873404103534583,1.1558488197769474,-1.105335860788795,-1.8973299002729371,-0.5608563940017846,0.1384448112746008,10.54535629824899,0.0037607005275071183,-0.7291864617795635,-0.03420267292648331,2338.0,-0.29999999999999993,-1.0,-1.0,1.0,-1.0,0.0,1.0,1.2000000000000028,0.0,,-1.0
M1plusM2plusRWTS_indices_logistic,2,166,2024-07-12__EDG__OMG__G3,2024-07-12,0,-6509.127747641194,0.05654049467355494,-0.8991364233364583,-1.0466762240354148,0.4925068027664408,-1.0656016133787294,3.5580406045995225,0.05708882031834894,-19.624051236705707,-0.06191718078286714,0.2929270636071356,-1.0509691850655178,-5676.0,0.040000000000000036,-1.0,-1.0,1.0,1.0,0.0,1.0,-9.799999999999997,0.0,0.0,-1.0
M1plusM2plusRWTS_indices_logistic,2,167,2024-07-12__JDG__LGD__G1,2024-07-12,0,1127.1472162070982,0.02446099629648446,-0.7173833494035555,-0.12202214367818631,-0.37393751441248263,0.21987111532273695,2.2556692449728564,0.23642192646519963,5.086424466136053,-0.01737964016549602,0.2835603678718377,-0.16927744524029364,-8508.0,0.09999999999999998,-1.0,-1.0,1.0,-1.0,2.0,-1.0,-23.200000000000003,0.0,,-0.6000000000000001
M1plusM2plusRWTS_indices_logistic,2,168,2024-07-12__JDG__LGD__G2,2024-07-12,1,4208.322728409509,0.013122319076497115,1.3648528507652633,0.9921633550789213,0.3852281090347612,0.41959516166558253,2.094344632735847,0.05073865227434354,7.470621583389285,-0.006576986209159518,0.27130605167806776,0.13851567970199855,4940.0,-0.07999999999999985,1.0,1.0,-1.0,0.0,2.0,1.0,18.0,0.0,0.0,0.6000000000000001
M1plusM2plusRWTS_indices_logistic,2,169,2024-07-13__NIP__WBG__G1,2024-07-13,1,-2522.525823774878,0.06731361405500381,-0.6265788364981515,-0.34285263393831256,-0.23865041701815976,-1.8304861056453983,3.7217712051012857,0.650658014760359,-5.7202586568994604,0.010696545779042017,-0.09942231423044912,-0.4648208706827809,2282.0,,0.0,1.0,1.0,0.0,6.0,1.0,16.599999999999994,0.0,1.0,1.0
M1plusM2plusRWTS_indices_logistic,2,170,2024-07-13__NIP__WBG__G2,2024-07-13,0,1128.0033022795724,-0.03664435014959742,-0.005719015708175901,0.7646558336607794,-0.629609929041937,-0.5373539430176337,0.7935260929447372,-0.08572866494170481,-4.89978461055026,-0.06517598855153255,0.055022398600408896,-0.47470554459219205,-1554.0,-0.12679999999999997,-1.0,-1.0,1.0,-3.0,2.0,-1.0,-16.799999999999997,0.0,,-0.39999999999999997
M1plusM2plusRWTS_indices_logistic,2,171,2024-07-13__RA__iG__G1,2024-07-13,1,602.501426930859,0.16412368263679408,0.08398035153582967,0.22645843563856224,-0.6065710255473291,-1.4523635644322823,2.7359093456465677,0.7500331437064488,-1.1452904551529488,-0.094008695892345,-0.12988442573489944,-0.4856959865568071,6636.0,-0.19999999999999996,1.0,1.0,1.0,4.0,4.0,-1.0,12.200000000000003,0.0,-1.0,1.0
M1plusM2plusRWTS_indices_logistic,2,172,2024-07-13__RA__iG__G2,2024-07-13,0,-7330.353363339285,-0.09987127780063217,-0.7620041847036674,-0.13895518851600952,0.5143084492783814,-0.6538770487625114,-0.06978638424525307,-0.22661433540459894,-14.121181138721472,-0.05074841784309488,0.021852769707861604,-0.7978929601948441,4306.0,0.09279999999999994,1.0,1.0,1.0,0.0,4.0,1.0,6.400000000000006,0.0,0.6666666666666667,-0.6666666666666667
M1plusM2plusRWTS_indices_logistic,2,173,2024-07-13__RNG__WE__G1,2024-07-13,1,4404.865939357993,0.15658511725885996,-0.8203098071300707,-0.6367859947033517,-1.0910543688005139,0.37347788966147744,5.21211589824503,1.1878789252644257,3.551978190831191,-0.049801233134513616,-0.028601928533296093,-0.23069829104466066,5004.0,0.26680000000000004,0.0,1.0,-1.0,1.0,0.0,1.0,13.799999999999997,0.0,1.0,1.0
M1plusM2plusRWTS_indices_logistic,2,174,2024-07-13__RNG__WE__G2,2024-07-13,1,5164.002923658236,0.1221015414372162,-0.1499714777232144,-0.5845625994529492,-1.2058640826101819,0.4474673078707495,5.85429110129967,0.8262029980552936,14.078829293742878,-0.05047788666285119,-0.011686834937857424,-0.19416919628822987,8170.0,0.09959999999999991,1.0,1.0,-1.0,-2.0,6.0,1.0,5.400000000000006,0.0,0.0,0.5
M1plusM2plusRWTS_indices_logistic,2,175,2024-07-14__AL__JDG__G1,2024-07-14,0,796.0502669108057,0.05541470665038364,0.19298258128920293,0.5936798401251003,0.3597607482172381,0.9747063741331589,1.2053498030472585,0.41704612971998006,2.7097348413631654,-0.05996757569723183,0.6999481302894536,-0.12390214301592924,1458.0,0.050000000000000044,0.0,-1.0,1.0,-2.0,2.0,1.0,-8.400000000000006,0.0,0.5,-1.0
M1plusM2plusRWTS_indices_logistic,2,176,2024-07-14__AL__JDG__G2,2024-07-14,0,4741.993998857658,0.018065222935063584,0.35994447927431006,0.8269736630431898,-1.1954175830752807,0.20165586991389273,5.099853693939621,0.13373334357651875,12.573175695134433,-0.03645609708123005,0.2978177555347578,0.1363925451821753,4794.0,-0.05700000000000005,0.0,-1.0,-1.0,-2.0,6.0,1.0,4.400000000000006,0.0,0.0,-1.0
M1plusM2plusRWTS_indices_logistic,2,177,2024-07-14__AL__JDG__G3,2024-07-14,0,1544.6792754918215,0.004135838083201481,0.4576416546317523,0.7596018191846406,-0.06896039032867865,1.3440529313918526,1.8429621658027258,0.2318593583842976,2.054076491781825,-0.034621267042628814,0.45437516972926123,-0.07035705498307064,-6376.0,-0.09999999999999998,-1.0,-1.0,-1.0,-3.0,2.0,-1.0,-13.400000000000006,0.0,1.0,-1.0
M1plusM2plusRWTS_indices_logistic,2,178,2024-07-14__LNG__TES__G1,2024-07-14,1,-1527.670468192333,-0.01017969621278901,-0.7171584271053051,0.1528680775053372,-0.1693813179311153,-0.1874292887766963,2.9672958043915783,0.10221528827764548,-2.6285527025385513,0.018557952398503726,0.459602337498957,-0.19106904479695558,4310.0,0.06639999999999996,2.0,1.0,-1.0,0.0,2.0,-1.0,14.799999999999997,0.0,,0.3333333333333333
M1plusM2plusRWTS_indices_logistic,2,179,2024-07-14__LNG__TES__G2,2024-07-14,0,3118.718251827978,-0.015919913968368428,0.6980155968769984,0.6630249292088256,-0.9778601111922727,-0.37760815065041836,4.553469844909072,0.2634884736513051,11.85646051801799,-0.06598463216919578,0.23623517585208004,-0.02973269984463482,-108.0,0.0,0.0,1.0,-1.0,-3.0,4.0,-1.0,5.200000000000003,0.0,-1.0,-0.75
M1plusM2plusRWTS_indices_logistic,2,180,2024-07-14__TT__UP__G1,2024-07-14,0,-1829.8987753482998,0.00487674034675871,-0.1460574058107884,0.028031407666903735,0.20075584315733191,-0.9348458341108177,0.9254330901390329,0.3050550536134183,-13.482848849662528,-0.04719899381883082,0.258433895582993,-0.5939447372443009,2476.0,-0.0006000000000000449,1.0,1.0,-1.0,-2.0,4.0,1.0,1.5999999999999943,0.0,,-0.375
M1plusM2plusRWTS_indices_logistic,2,181,2024-07-14__TT__UP__G2,2024-07-14,1,-1289.284476871468,-0.010608244304634314,-0.4351288850464309,0.23122582166756608,-0.5863435842076739,-0.858471923134538,3.7878127747747605,0.3899389058482441,5.169679658662417,-0.06137580409250235,0.1507200643043096,-0.4407405143897069,-2772.0,0.13339999999999996,-1.0,-1.0,-1.0,-1.0,0.0,1.0,-9.200000000000003,0.0,0.0,0.0
M1plusM2plusRWTS_indices_logistic,2,182,2024-07-15__BLG__LGD__G1,2024-07-15,1,2340.979607841893,-0.03825556911225482,0.8676332240539948,0.9292860326048077,-0.36776671905550684,-0.32989183534991096,3.796404545315479,0.4193373277713647,2.651496382373627,-0.040715547345156984,-0.25043188392853555,-0.01674995244047989,3004.0,-0.020000000000000018,0.0,1.0,1.0,0.0,-2.0,1.0,-14.200000000000003,0.0,,0.5
M1plusM2plusRWTS_indices_logistic,2,183,2024-07-15__BLG__LGD__G2,2024-07-15,0,-2948.211411066731,0.04972714465102751,-0.9818613185192453,-0.23155745902914698,-0.592144430416552,-1.2995904233769835,2.6815770736074267,0.001263726242039409,-8.056415378858098,0.0003611650651094544,-0.06988047124859953,-0.4884449479045294,-1388.0,1.1102230246251565e-16,0.0,1.0,-1.0,-2.0,2.0,1.0,-5.599999999999994,0.0,,-0.6000000000000001
M1plusM2plusRWTS_indices_logistic,2,184,2024-07-15__OMG__iG__G1,2024-07-15,0,-7794.373434558664,-0.03836826656875798,-1.4396326885963164,-1.1332563465385515,0.9576110395784647,-0.4976655170724077,2.1555594636599746,-0.4636054131613877,-13.456740503015345,0.03342515253965836,0.7730509814676444,-0.8250410794648716,-1048.0,-0.13360000000000005,0.0,-1.0,1.0,-1.0,-4.0,1.0,7.200000000000003,0.0,,-0.4285714285714286
M1plusM2plusRWTS_indices_logistic,2,185,2024-07-15__OMG__iG__G2,2024-07-15,0,8079.264869671966,0.047545821804753564,1.4549052509564515,1.3231201025677097,-1.1874958912284062,-1.533410030466694,0.5660099174527622,0.07483165391050015,21.725357756426767,-0.05026829677826388,-0.4071606070307568,0.11998321795013821,5616.0,-0.10000000000000009,1.0,1.0,1.0,-1.0,2.0,1.0,0.4000000000000057,0.0,,-0.5
M1plusM2plusRWTS_indices_logistic,2,186,2024-07-15__OMG__iG__G3,2024-07-15,0,-8728.718614625912,-0.12086844015912204,-1.4788075427014842,-1.3525078947231721,0.8938674398216844,0.20435438332055245,2.2536163867140053,-0.48571282961349527,-9.422595196143105,0.012723482850438679,0.8727675673998307,-0.8764240718065239,3352.0,0.26660000000000006,0.0,1.0,-1.0,0.0,3.0,-1.0,-0.5999999999999943,0.0,1.0,-0.3333333333333333
M1plusM2plusRWTS_indices_logistic,2,187,2024-07-16__EDG__RA__G1,2024-07-16,1,-2620.573273740468,-0.005037652236892363,-0.1370390624936041,0.12419531664893871,-0.2010113450928171,-1.221212620919161,2.2169625872701264,0.19925091170383313,-3.1907521480922783,-0.07162495108229809,-0.19386506705467216,-0.5807567150135622,1054.0,0.19999999999999996,0.0,-1.0,1.0,3.0,0.0,1.0,-2.5999999999999943,0.0,,0.8
M1plusM2plusRWTS_indices_logistic,2,188,2024-07-16__EDG__RA__G2,2024-07-16,1,-1498.304400175752,0.022128631524718452,-0.4142472658130252,-0.08265010467622502,-0.3069207165286275,-0.7302034075052146,1.680057618579192,0.17238764572173185,-5.91849263365067,-0.03018783925287344,0.2826005922406257,-0.46240384659532735,674.0,-0.013399999999999967,0.0,1.0,1.0,1.0,0.0,-1.0,15.599999999999994,0.0,1.0,0.5
M1plusM2plusRWTS_indices_logistic,2,189,2024-07-16__EDG__RA__G3,2024-07-16,1,3555.3923094402717,-0.11916131777877446,0.6040280054051769,0.37169753490200425,-0.6235146486816074,-1.1352265650642013,2.8405299948106304,0.3902171249803744,4.565278845941654,-0.03615914456251022,-0.09276312463020228,-0.34091839305261884,2782.0,0.3168,1.0,1.0,-1.0,1.0,4.0,-1.0,13.200000000000003,0.0,1.0,0.3333333333333333
M1plusM2plusRWTS_indices_logistic,2,190,2024-07-16__FPX__NIP__G1,2024-07-16,0,191.19742491797592,-0.06396929361675653,-0.29148163245196157,-0.19516294833290027,-0.7271368688401489,-1.0980155795862152,6.561808134278113,0.17521942812105146,3.3578221856639394,-0.03511253020744397,-0.06966289919148885,-0.4190134131470303,-498.0,-0.040000000000000036,0.0,-1.0,-1.0,-4.0,0.0,1.0,-13.400000000000006,0.0,-1.0,-0.5
M1plusM2plusRWTS_indices_logistic,2,191,2024-07-16__FPX__NIP__G2,2024-07-16,0,-2038.1063881808636,0.057493588082424336,0.18645591951116489,0.4942279839445838,0.6712352168000815,0.33614234359748374,-0.5889966651209895,0.7169778533212032,2.099053763992661,-0.08359411421119774,0.14915080061815023,0.0231133346624519,4718.0,0.04999999999999999,2.0,1.0,-1.0,0.0,6.0,-1.0,15.799999999999997,0.0,1.0,-0.14285714285714285
M1plusM2plusRWTS_indices_logistic,2,192,2024-07-16__FPX__NIP__G3,2024-07-16,1,1143.9670170316117,-0.00875465943734461,-0.2973895559352744,0.14124890602801157,-0.5052732522451405,-0.8344409016569062,6.60019835244031,0.5999489820406638,3.512092961256312,-0.06656656533219797,0.1614410049037771,-0.28146264709449276,1470.0,0.3002,0.0,-1.0,-1.0,3.0,2.0,1.0,0.5999999999999943,0.0,0.0,0.6000000000000001
M1plusM2plusRWTS_indices_logistic,2,193,2024-07-17__TES__WBG__G1,2024-07-17,1,6998.885151183769,0.003224684433764017,0.8962023031595399,1.1030945335852844,-1.2479143557020953,0.13910640205624725,4.324528521636473,0.7625249492266972,14.077853175791468,-0.05239155696911229,0.05430083080310658,0.13312169957801992,6242.0,0.03320000000000001,1.0,1.0,-1.0,3.0,0.0,1.0,6.0,0.0,0.5,0.3333333333333333
M1plusM2plusRWTS_indices_logistic,2,194,2024-07-17__TES__WBG__G2,2024-07-17,0,-6335.134594655528,0.021559107428208303,-1.022971441341466,0.13239359354171176,0.32542338087200723,-1.0038458897829698,2.317569141815906,0.44918926165302064,-13.55849687675692,-0.06649715504376802,0.5706174150730147,-0.5593815571008627,-13498.0,-0.08900000000000008,-3.0,-1.0,-1.0,-3.0,-4.0,-1.0,-21.799999999999997,0.0,0.0,-1.0
M1plusM2plusRWTS_indices_logistic,2,195,2024-07-17__TT__WE__G1,2024-07-17,0,9624.392306793818,0.13467045175644116,0.24835069143999255,0.5413300848411328,-1.2545252695868676,0.7973727945857573,2.4583229714232906,0.539420281859608,20.638738357446062,-0.04142242643485138,0.17057355142250574,0.2973910713428126,3294.0,-0.07999999999999996,-1.0,-1.0,1.0,-3.0,-2.0,1.0,1.5999999999999943,0.0,-0.5,-0.3333333333333333
M1plusM2plusRWTS_indices_logistic,2,196,2024-07-17__TT__WE__G2,2024-07-17,1,-6670.617978536538,-0.17492785732675165,-0.2271044559106994,-0.19328214287955825,0.41306478746684533,-2.064768015855917,2.8321510639647443,-0.4857868506495986,-12.845838634471425,0.026784522387162217,0.47323043560619377,-0.6877444081055221,-286.0,0.07499999999999996,0.0,1.0,1.0,4.0,-2.0,1.0,8.200000000000003,0.0,0.0,1.0
M1plusM2plusRWTS_indices_logistic,2,197,2024-07-18__AL__WBG__G1,2024-07-18,1,-532.4227916375314,0.0031224683896430546,-0.8547167253382955,0.16647342783617358,-1.0476465928939107,-1.9078888610492464,3.852056107326228,0.45394952049049053,-5.020214745190872,0.030837156903939907,0.24730907114082895,-0.5664543120557203,4666.0,-0.00020000000000003348,1.0,1.0,1.0,4.0,6.0,1.0,17.0,0.0,1.0,1.0
M1plusM2plusRWTS_indices_logistic,3,198,2024-07-18__AL__WBG__G2,2024-07-18,0,4324.345380646314,-0.03670773683497419,0.4366202234921815,0.04082946498941331,-0.29219736166863575,1.6536283184953768,3.157871479698036,0.9984275938533895,13.923091132829184,-0.026443492315828453,0.0432431808227742,0.42671157111545954,1490.0,-0.4,0.0,-1.0,1.0,-3.0,0.0,1.0,1.7999999999999972,0.0,,-0.5714285714285714
M1plusM2plusRWTS_indices_logistic,3,199,2024-07-18__BLG__LNG__G1,2024-07-18,0,5330.903573980081,-0.03531297067420927,0.5077029981926012,0.11668575379535726,-0.7064945761513797,1.2506947536009163,3.645316552686701,0.6383682720988532,7.534028244860082,-0.013665234567960993,0.11086679336651983,0.5470754230319765,-5548.0,-0.02839999999999998,-1.0,-1.0,-1.0,-4.0,6.0,1.0,-9.400000000000006,0.0,-1.0,-1.0
M1plusM2plusRWTS_indices_logistic,3,200,2024-07-18__BLG__LNG__G2,2024-07-18,0,-1697.623459000442,0.028995043263509573,-0.5213605543870649,-0.5359141703434034,-0.20076680322358897,0.45422721995224685,1.5035435752300494,0.35885342143003074,5.5065781379204175,-0.014052890105436644,0.13602438219162735,-0.05094799566563284,-156.0,0.06699999999999995,0.0,1.0,-1.0,-3.0,6.0,1.0,-2.200000000000003,0.0,-1.0,-1.0
M1plusM2plusRWTS_indices_logistic,3,201,2024-07-18__BLG__LNG__G3,2024-07-18,1,-1319.4227368760126,0.0814522853696274,-0.7128193406225011,-0.6225196330571467,-0.1771625093633184,0.4025953089752636,2.158792530521738,0.3392259608564874,5.377158227208428,0.026003241035930845,0.23357950078406237,0.0075888815572452625,-322.0,,-1.0,-1.0,1.0,3.0,0.0,1.0,15.599999999999994,0.0,,0.5
M1plusM2plusRWTS_indices_logistic,3,202,2024-07-18__RNG__UP__G1,2024-07-18,0,5268.3622798717415,-0.08868396242076729,0.7658380472847746,0.8363176420799292,-1.4912543573525567,-0.6332111625847445,3.4646559666863244,0.1283802870404932,13.907813653007405,0.00997446395314026,-0.6959263902486392,0.6671206727739541,-264.0,-0.19999999999999996,0.0,1.0,-1.0,1.0,0.0,-1.0,-2.6000000000000014,0.0,,-0.6666666666666667
M1plusM2plusRWTS_indices_logistic,3,203,2024-07-18__RNG__UP__G2,2024-07-18,0,-768.4380135853055,0.04348790887629014,-0.24184347286851393,-0.18120779147550875,1.0217515307500342,0.5215888847190149,2.6168212398413018,0.5327736071051565,3.597013974483149,-0.030860784129285397,-0.3104742453574503,-0.32372824602062644,1348.0,0.25,1.0,1.0,-1.0,-1.0,2.0,1.0,1.2000000000000028,0.0,0.5,-0.6000000000000001
M1plusM2plusRWTS_indices_logistic,3,204,2024-07-18__RNG__UP__G3,2024-07-18,0,-1098.0573538224571,0.06322796935518114,-0.5190695836948191,-0.3647144991985624,1.128083199092325,0.18183888127783365,2.6530994018225296,0.5094700788578566,6.9896363142777584,-0.020539093206806174,-0.2758156439553263,-0.45805879077440415,8772.0,0.15000000000000002,1.0,1.0,-1.0,1.0,4.0,1.0,12.0,0.0,1.0,0.25
M1plusM2plusRWTS_indices_logistic,3,205,2024-07-19__EDG__iG__G1,2024-07-19,1,-34.38216587461602,-0.03703836829050131,0.18719548153043575,0.2546047423509631,-0.16715200165511102,-0.7461839061947402,1.6779194199969234,0.2973852521230953,-1.7278095795888806,-0.008507916614379704,-0.40886667457012077,-0.49607957262755176,-2482.0,-0.0666000000000001,0.0,1.0,1.0,4.0,-6.0,-1.0,0.0,0.0,,0.75
M1plusM2plusRWTS_indices_logistic,3,206,2024-07-19__EDG__iG__G2,2024-07-19,0,-155.8097805213947,0.05169688012508666,0.25068277562113506,0.49418743050999697,0.17189545184369945,-0.5027418025751927,1.2456897901511814,-0.2277035481974895,-10.589293158983152,-0.03816603738917051,-1.1534242323958137,-0.20254844430914007,3498.0,-0.09999999999999998,1.0,1.0,1.0,1.0,0.0,1.0,-8.799999999999997,0.0,,-1.0
M1plusM2plusRWTS_indices_logistic,3,207,2024-07-19__FPX__LGD__G1,2024-07-19,1,3733.2629755666835,-0.11266842246847622,0.33536989521555116,-0.4510595470342546,-0.10128115007465452,2.4783915241780203,0.17588136661729692,-0.1633218572398269,6.111566576557457,0.029260267106016858,-0.5482371144044091,0.43728035020964334,7188.0,0.07139999999999991,1.0,1.0,-1.0,1.0,2.0,-1.0,21.0,0.0,0.0,0.0
M1plusM2plusRWTS_indices_logistic,3,208,2024-07-19__FPX__LGD__G2,2024-07-19,1,437.03100759862116,0.04290583380740547,0.4298343764487085,0.6278320274524678,-0.3014409405647053,-2.172425343251516,4.67748326277545,0.12439183459652631,3.0054948737530585,-0.023584409904723446,0.04952255214094736,-0.5487076727331748,-5084.0,-0.37339999999999995,-2.0,-1.0,-1.0,-4.0,-6.0,-1.0,-9.200000000000003,0.0,,-0.125
M1plusM2plusRWTS_indices_logistic,3,209,2024-07-19__FPX__LGD__G3,2024-07-19,0,2883.1719517291185,-0.09731161192424864,0.06391526792493032,-0.4498902973227827,-0.06834159413691507,1.6146103681797255,-0.5431685135992566,-0.044129151298669816,1.1115390733469779,0.0017682211401798568,-0.6783556655551464,0.26927787149666144,-3028.0,-0.2799999999999999,0.0,-1.0,-1.0,-2.0,2.0,-1.0,0.0,0.0,-0.3333333333333333,-0.3333333333333333
M1plusM2plusRWTS_indices_logistic,3,210,2024-07-19__JDG__NIP__G1,2024-07-19,0,-2958.6762962170915,0.11590615478704583,-0.7043461932127365,-0.5038435106462449,-0.1162840762834007,-0.07107243195426757,0.31730485115943274,0.4187684627700308,-6.805390164505898,-0.03232953039083706,0.023042075875892257,-0.24427068425574247,1818.0,0.0,0.0,1.0,-1.0,-2.0,0.0,1.0,-10.400000000000006,0.0,,-0.3333333333333333
M1plusM2plusRWTS_indices_logistic,3,211,2024-07-19__JDG__NIP__G2,2024-07-19,1,395.8974445869824,-0.04722141343150644,-0.2244759737527553,-0.2167889098604156,-0.2616738505324595,0.2581763770131104,5.26822756101525,-0.11145623114048298,8.40585782654118,-0.01307705523872349,-0.23360199152530212,0.3010842247488373,7230.0,0.15999999999999992,0.0,1.0,1.0,4.0,2.0,1.0,21.0,0.0,1.0,0.39999999999999997
M1plusM2plusRWTS_indices_logistic,3,212,2024-07-20__BLG__JDG__G1,2024-07-20,1,2085.4732552031014,-0.011203111399568536,0.0867645230250727,-0.10521641430634143,-0.42478510621958976,1.305505301508308,3.54018151517133,-0.03533293860415715,14.177239903239068,-0.0036469512843301183,0.85732335812854,-0.04726294702620407,4436.0,0.08000000000000007,0.0,-1.0,-1.0,0.0,4.0,1.0,10.599999999999994,0.0,,0.19999999999999996
M1plusM2plusRWTS_indices_logistic,3,213,2024-07-20__BLG__JDG__G2,2024-07-20,1,161.84875670609813,0.03448058816215772,-0.2551145850455828,-0.4637540530841144,-0.720603562750482,1.3877074231007371,1.6228194601610277,0.17077943901778345,-2.0508436762447317,-0.008040900958609137,-0.011766057766374877,0.35333239855132337,1074.0,-0.09999999999999998,0.0,1.0,1.0,0.0,6.0,1.0,-1.2000000000000028,0.0,1.0,1.0
M1plusM2plusRWTS_indices_logistic,3,214,2024-07-20__BLG__JDG__G3,2024-07-20,0,-1001.0570540332455,0.01654958340518507,-0.6542140328604019,-0.5820748130412097,-0.10282094969658476,0.003780879476176724,4.389045894303925,0.4385497228913826,10.961482712310286,-0.027197272877119906,0.3412628138689962,0.09658018240391161,1668.0,0.16660000000000008,0.0,-1.0,-1.0,-3.0,6.0,-1.0,6.400000000000006,0.0,,-0.5
M1plusM2plusRWTS_indices_logistic,3,215,2024-07-20__LGD__TES__G1,2024-07-20,1,4896.81931373013,-0.07226618601199303,1.6850470703558118,0.9579646856976733,-1.0619576197930796,-1.1705428450131652,4.5796105375210345,-0.03590132446704353,12.542553392784033,-0.0037514030142776255,-0.442856312350932,-0.13153134560298788,4214.0,0.040000000000000036,0.0,1.0,-1.0,-1.0,-2.0,1.0,13.400000000000006,0.0,1.0,0.6666666666666667
M1plusM2plusRWTS_indices_logistic,3,216,2024-07-20__LGD__TES__G2,2024-07-20,0,-7127.212931269393,0.0714816666591592,-1.8764803500486464,-1.3654584454924932,0.37079019818724035,0.8458293084568453,-0.3800618953317365,-0.1396458288013705,-17.51770407585402,-0.0005884598569610641,-0.38951054066432117,-0.1595493221809153,252.0,0.29999999999999993,0.0,-1.0,-1.0,-3.0,6.0,-1.0,-16.799999999999997,0.0,-1.0,-0.5
M1plusM2plusRWTS_indices_logistic,3,217,2024-07-20__OMG__WE__G1,2024-07-20,0,100.47670407979854,-0.03174743092911106,-0.33377612435091497,0.0016696394301802808,-0.295975754813089,0.18151514091055415,1.8384941991367914,0.13277710120340844,-8.151073197755139,0.0034369210476794722,-1.1251433066316416,0.09446271419010899,-2714.0,-0.28900000000000003,0.0,1.0,-1.0,-4.0,1.0,1.0,7.599999999999994,0.0,1.0,-0.8
M1plusM2plusRWTS_indices_logistic,3,218,2024-07-20__OMG__WE__G2,2024-07-20,1,1710.5913939652,-0.023070884294036392,0.398407549690418,0.3452770489729952,-0.6880247271242298,-1.464556603641397,2.126726129470152,0.5880521543624068,8.103506272573782,0.0007574752482253757,-0.23742764848159778,-0.4008142683815511,-2316.0,0.040000000000000036,0.0,1.0,-1.0,0.0,2.0,1.0,12.0,0.0,0.0,0.5
M1plusM2plusRWTS_indices_logistic,3,219,2024-07-21__FPX__LNG__G1,2024-07-21,0,2866.0223243958826,-0.021995501521113348,0.2816899650069279,-0.23444029750800832,-0.2353942895827547,0.9758125089873986,2.322136895505306,-0.12492373958237629,12.767871398614071,0.02905024156077598,-0.22912924235151155,0.3183416722092901,-4918.0,0.13339999999999996,0.0,-1.0,-1.0,-2.0,-6.0,-1.0,-4.599999999999994,0.0,-1.0,-0.39999999999999997
M1plusM2plusRWTS_indices_logistic,3,220,2024-07-21__FPX__LNG__G2,2024-07-21,1,-607.2578965333498,0.057792168855669644,-0.7219310964066349,-0.2689690571219893,-0.06700042859781277,0.2795693376916117,3.384857263245868,0.44514182013796016,-0.7123577373304961,-0.03962587668636765,0.1565558155320806,0.03503460576227151,-398.0,0.0,0.0,-1.0,1.0,0.0,0.0,1.0,5.200000000000003,0.0,0.0,0.0
M1plusM2plusRWTS_indices_logistic,3,221,2024-07-21__UP__WE__G1,2024-07-21,0,3480.8037509441533,-0.11374649701789816,0.07001165870002951,0.0603901653853543,-0.4996417376395249,1.9254494971925482,1.593483976711677,0.12718029067631523,-0.5352234026485316,0.022324511319091606,-1.0638302586076491,0.6657936096766788,-792.0,-0.09999999999999998,0.0,-1.0,-1.0,-2.0,6.0,-1.0,-11.0,0.0,,-0.6666666666666667
M1plusM2plusRWTS_indices_logistic,3,222,2024-07-21__UP__WE__G2,2024-07-21,1,-545.2181783904914,0.051300800633477,0.19881740905704673,0.23430995460604473,0.089643137782047,-1.0958327983885716,4.678422631710841,0.7527711265061298,2.1344379621360168,-0.01766601084470372,-0.14107847398841755,-0.6034988574935508,4206.0,-0.2572000000000001,1.0,1.0,1.0,3.0,0.0,1.0,-3.799999999999997,0.0,1.0,0.6000000000000001
M1plusM2plusRWTS_indices_logistic,3,223,2024-07-22__EDG__TT__G1,2024-07-22,0,2646.942056679618,-0.14396711610438803,0.20642207709576427,0.07178987338868231,-0.2982808804343925,0.393319889551677,3.69363062669938,0.12313668815691993,9.069534792329573,0.026054727692372447,-0.4914171010658232,0.20064015845742486,2934.0,,1.0,1.0,-1.0,0.0,-2.0,1.0,-0.7999999999999972,0.0,,-1.0
M1plusM2plusRWTS_indices_logistic,3,224,2024-07-22__EDG__TT__G2,2024-07-22,0,-243.7950056790969,0.12683687882354056,-0.09884498701565392,-0.07915107555746154,0.25504659932459905,0.3025490955545454,1.028932620146704,0.8299551285289721,-3.038681930072128,-0.02850967550310944,-0.78572461875695,0.012772560493425726,-8520.0,-0.07500000000000007,-1.0,-1.0,-1.0,-4.0,0.0,-1.0,-15.400000000000006,0.0,,-0.7142857142857142
M1plusM2plusRWTS_indices_logistic,3,225,2024-07-22__EDG__TT__G3,2024-07-22,0,-484.0717431597659,-0.08150888045750082,-0.4777003174229707,-0.15661993737395835,0.02259349402188407,0.5393371787492072,3.8098027004058923,0.24231404829232958,6.071877965766342,0.006474166090441759,-0.45188692497191146,0.26182306071632433,-720.0,-0.29980000000000007,0.0,1.0,1.0,-3.0,6.0,1.0,-2.799999999999997,0.0,,-1.0
M1plusM2plusRWTS_indices_logistic,3,226,2024-07-22__RA__RNG__G1,2024-07-22,1,939.7742643725326,0.012921059567964202,-0.12325719773837374,-0.24827677966015804,0.6086004417874944,1.5023821543977622,2.994737985937255,0.6572033395929477,10.612769636220888,-0.02091687987573638,-0.15754613032405748,0.07416502186478818,2626.0,0.0,1.0,1.0,-1.0,-2.0,6.0,1.0,-1.5999999999999943,0.0,,0.6666666666666667
M1plusM2plusRWTS_indices_logistic,3,227,2024-07-22__RA__RNG__G2,2024-07-22,1,180.64847397251992,-0.014596659558709101,-0.3352001662611732,-0.2963641251168085,0.6827973618432406,1.1394955136617229,3.121838986343416,0.6523929967442911,6.412001396274171,-0.02197462096048258,-0.1373355457458197,-0.042525995644687016,7672.0,,0.0,1.0,-1.0,-2.0,2.0,1.0,3.200000000000003,0.0,1.0,1.0
M1plusM2plusRWTS_indices_logistic,3,228,2024-07-23__BLG__WBG__G1,2024-07-23,1,-1090.9143694311829,-0.001801746877260384,-0.3645607741086486,-0.7060274291735646,-0.3436448858539256,-0.7073524937290904,3.4298353644065496,0.10150970913484873,-0.8876497115011235,-0.028275164494035575,-0.33775954005971176,-0.2619683476681235,-294.0,0.0,-1.0,-1.0,-1.0,-2.0,2.0,-1.0,17.400000000000006,0.0,,1.0
M1plusM2plusRWTS_indices_logistic,3,229,2024-07-23__BLG__WBG__G2,2024-07-23,1,3240.6420000846315,-0.08564126490990367,0.38526938948241424,0.14128691721389852,-0.7781474679270605,1.715373749624099,2.106223462932753,0.14915312257398472,0.43030854774547844,0.0024755204240657445,0.02591450046517893,0.0726407648165252,10156.0,-0.040200000000000125,2.0,1.0,1.0,1.0,4.0,1.0,8.200000000000003,0.0,-1.0,0.0
M1plusM2plusRWTS_indices_logistic,3,230,2024-07-23__BLG__WBG__G3,2024-07-23,0,-784.7568150746317,-0.028606577366572766,-0.015556900467858514,-0.6555181691242964,-0.6390598139508715,-1.093783099027485,3.1019459707978774,-0.3916485731729994,0.046885563340869574,0.0012601203706321317,-0.7654712214892079,-0.376028306678399,-10222.0,-0.17139999999999989,-1.0,-1.0,-1.0,-4.0,0.0,-1.0,-16.0,0.0,-1.0,-1.0
M1plusM2plusRWTS_indices_logistic,3,231,2024-07-23__NIP__TES__G1,2024-07-23,1,178.9058957758739,-0.1283217904200739,0.2212994165424588,-0.25073181817147594,-0.670666023244525,0.3181250590471541,2.2084456015199714,-0.18480833141987135,5.384974659785928,-0.020361800823602103,-0.7219709977815871,0.12193921409340944,116.0,-0.0666000000000001,1.0,1.0,-1.0,1.0,2.0,-1.0,3.4000000000000057,0.0,,-0.39999999999999997
M1plusM2plusRWTS_indices_logistic,3,232,2024-07-23__NIP__TES__G2,2024-07-23,0,-3123.14097788868,0.18809440287608925,-0.9250736443079902,-0.7007533530852008,0.10339198979721761,1.0624522610354878,1.3474057069803096,1.0882790089508743,0.3666763427464317,-0.018068065063586523,0.048936924685586275,0.16658323141089573,-3000.0,0.04580000000000006,0.0,1.0,-1.0,-3.0,6.0,-1.0,-17.200000000000003,0.0,-0.3333333333333333,-1.0
M1plusM2plusRWTS_indices_logistic,3,233,2024-07-24__JDG__LNG__G1,2024-07-24,1,3676.1221626854413,-0.018349889057258574,0.06453746611135666,-0.48041198354831466,-0.4477504964048392,1.486765825169013,1.8921675697160332,0.42457964063593995,11.612125229415932,-0.0003896430861043583,0.15606547632920514,0.30917750802072635,710.0,,0.0,-1.0,1.0,-2.0,0.0,-1.0,11.400000000000006,0.0,,0.3333333333333333
M1plusM2plusRWTS_indices_logistic,3,234,2024-07-24__JDG__LNG__G2,2024-07-24,1,1067.0721486820664,-0.014985682037709412,0.049796929498449716,-0.08516718819622704,-0.5307833058552378,-0.19980282065182778,3.802931710509747,0.1695490920986661,1.9407917010618003,-0.0372880550915809,-0.24977168400497204,-0.04307092271674943,5036.0,0.07499999999999996,1.0,1.0,1.0,2.0,4.0,1.0,13.0,0.0,1.0,0.39999999999999997
M1plusM2plusRWTS_indices_logistic,3,235,2024-07-24__JDG__LNG__G3,2024-07-24,1,3778.0880477026517,-0.00012324398559089914,0.3542789806139443,-0.3176320482226895,-0.668832357617325,1.0054678266557011,0.6635152071729129,-0.13773677336785972,8.258553391051112,0.00869103366911872,-0.41864315153269965,0.06633356691843531,2808.0,0.0666000000000001,2.0,1.0,-1.0,-1.0,0.0,-1.0,-3.200000000000003,0.0,-1.0,1.0
M1plusM2plusRWTS_indices_logistic,3,236,2024-07-24__OMG__UP__G1,2024-07-24,1,-1029.747106210535,0.044646301139063614,-0.23317506289198686,-0.23419403600415328,0.4772457551996864,0.6070039111745658,3.0489764249770968,0.6086284454198383,3.5789801133041017,-0.0238840463089503,-0.01361824054879486,-0.4662544592941854,2810.0,0.09999999999999998,1.0,1.0,-1.0,1.0,6.0,1.0,22.200000000000003,0.0,-1.0,0.3333333333333333
M1plusM2plusRWTS_indices_logistic,3,237,2024-07-24__OMG__UP__G2,2024-07-24,0,-3171.174041996889,0.02237667247533672,-0.23887831615745336,-0.26203890614684244,0.33449932430385043,-0.4611449597226032,2.018822574508741,0.07039680291824868,-3.4815265998317564,-0.029931574225843943,-0.5660549036645963,-0.751927863280763,-444.0,-0.0666000000000001,1.0,1.0,-1.0,-4.0,2.0,1.0,-3.5999999999999943,0.0,0.0,-1.0
M1plusM2plusRWTS_indices_logistic,3,238,2024-07-24__OMG__UP__G3,2024-07-24,1,1701.5013902204607,-0.07894765128184122,-0.19734145332024877,0.043267259401808006,-0.6196603474787568,1.1937507259498725,3.010028610182278,0.42894680874664853,4.745374050880434,-0.001537925369972405,-0.6521542600961547,0.6002060464771238,2752.0,0.0,0.0,-1.0,1.0,1.0,6.0,1.0,-2.200000000000003,0.0,,0.6666666666666667
M1plusM2plusRWTS_indices_logistic,3,239,2024-07-25__LGD__WBG__G1,2024-07-25,1,4685.840896379359,-0.058680029708416334,1.4134663046384222,0.5469917577088412,-0.6014705484709382,-0.704166491814952,4.800366456966062,0.2944581192022869,4.90663193724908,0.005110772942634008,-0.42704237174673376,-0.20050027337972906,8800.0,,1.0,1.0,1.0,0.0,0.0,1.0,-4.200000000000003,0.0,1.0,1.0
M1plusM2plusRWTS_indices_logistic,4,240,2024-07-25__LGD__WBG__G2,2024-07-25,0,-2437.91699668263,0.03656256228214253,-0.9350841429790665,-0.5294974487520347,0.09288449197986212,0.9238429746648706,1.6664035835656454,-0.038245041756163195,0.5565581319767681,-0.015417891973454684,0.29429463235144687,-0.16715528228136387,-4312.0,-0.009599999999999831,0.0,-1.0,-1.0,-1.0,4.0,-1.0,1.2000000000000028,0.0,0.0,-0.8
M1plusM2plusRWTS_indices_logistic,4,241,2024-07-25__RA__WE__G1,2024-07-25,1,2982.319233165334,-0.028153135604099756,0.6419923766922905,0.48022945755032226,-0.273715426497125,0.30894587124589856,2.8808629274027977,0.816327643161632,10.8667207412548,-0.021960214036656926,0.287022309670374,-0.033450159431053186,4776.0,-0.33320000000000005,0.0,1.0,-1.0,0.0,-2.0,1.0,14.599999999999994,0.0,,1.0
M1plusM2plusRWTS_indices_logistic,4,242,2024-07-25__RA__WE__G2,2024-07-25,1,1302.5745716139024,0.063549971339789,-0.7303982027613862,-0.0019103369499602896,0.3147737246501061,1.2060668418832752,0.9128755123028804,0.8931902800723718,3.0524771639849178,0.018456255628963327,0.26696412459304014,0.18016123221467925,2946.0,0.013399999999999967,0.0,-1.0,-1.0,0.0,6.0,1.0,1.2000000000000028,0.0,0.25,0.3333333333333333
M1plusM2plusRWTS_indices_logistic,4,243,2024-07-25__RA__WE__G3,2024-07-25,1,4634.448840714425,-0.04794030039842303,0.8058800211666076,0.4835024896478592,-0.26232534087944465,0.3190228978251699,3.4068443235405605,0.6368748264051117,14.40806697563952,-0.0009079272745245977,0.24920485846275436,-0.03727063479703195,8552.0,,2.0,1.0,1.0,4.0,0.0,1.0,16.0,0.0,1.0,1.0
M1plusM2plusRWTS_indices_logistic,4,244,2024-07-25__RNG__iG__G1,2024-07-25,0,-47.47242367912645,0.08853124692973342,-0.002886610715337856,0.6363570271405536,0.556380378057433,0.13178254144894064,-0.9547097985969744,0.7569784646197545,-5.443345912883137,0.00894180164093063,0.49492875793406227,-0.5599309299884363,1072.0,0.039999999999999925,-1.0,-1.0,-1.0,-2.0,0.0,1.0,-7.200000000000003,0.0,0.0,-1.0
M1plusM2plusRWTS_indices_logistic,4,245,2024-07-25__RNG__iG__G2,2024-07-25,0,5298.647005649598,-0.0979245057402237,0.2694681674212135,0.40556644211032883,-0.12788088161582806,1.2281883850249418,5.290823417250515,0.39452408151411333,20.666054004319314,0.015126048016073083,-0.21847566789211392,1.0398006876677914,1850.0,0.4667999999999999,1.0,1.0,-1.0,-4.0,4.0,-1.0,7.400000000000006,0.0,,-0.5
M1plusM2plusRWTS_indices_logistic,4,246,2024-07-25__RNG__iG__G3,2024-07-25,1,-2994.0799511638775,0.1328459415319702,-0.5009156334573275,0.059603745148378406,0.7144279350819959,0.3325596498399199,-0.8000938171582701,0.28777186299532453,-8.125312380462763,0.008428476444171946,0.5376862462137276,-0.5884327352703451,2090.0,0.006800000000000028,1.0,1.0,-1.0,3.0,-6.0,1.0,-8.200000000000003,0.0,,0.3333333333333333
M1plusM2plusRWTS_indices_logistic,4,247,2024-07-26__AL__TES__G1,2024-07-26,0,620.9670863655169,0.07967217300500508,-0.1874391061283046,0.1276514450892801,-0.15336379650440243,0.26266197678906966,1.0594805409181638,0.12243679697802931,1.3359022599342945,0.010572969312025421,0.3355968909017982,-0.009605532884769442,-3260.0,-0.1668,0.0,-1.0,-1.0,-3.0,-2.0,-1.0,-21.200000000000003,0.0,-1.0,-1.0
M1plusM2plusRWTS_indices_logistic,4,248,2024-07-26__AL__TES__G2,2024-07-26,1,1216.1722163424133,0.0027836832174708446,-0.3500243006495214,-0.058906405969947284,-0.2383213518587221,1.1707783890082009,2.5297528649493213,0.7175346499229286,9.57145245486698,0.005968004528811962,0.3518790784816559,0.34508938761868263,4050.0,0.1299999999999999,1.0,1.0,-1.0,1.0,6.0,1.0,-1.4000000000000057,0.0,,0.25
M1plusM2plusRWTS_indices_logistic,4,249,2024-07-26__BLG__NIP__G1,2024-07-26,0,1482.6041502990472,-0.014524177302518024,0.39406538514542044,0.18669208097574302,-0.869359810694904,0.05475790139025949,3.1450809198348315,0.9045862952561039,3.5173747126098203,-0.005410174705594428,-0.07148566534568224,0.03538634653140153,-4796.0,,-1.0,-1.0,-1.0,-2.0,2.0,-1.0,-23.0,0.0,,-0.3333333333333333
M1plusM2plusRWTS_indices_logistic,4,250,2024-07-26__BLG__NIP__G2,2024-07-26,0,-1053.1666072571984,-0.007173563323750559,-1.223699352848096,-1.219387912285317,0.42282854910480283,-0.009893250778969409,0.8554806591142584,0.9990309833206779,-5.572071782078188,0.012922153365195949,0.42767931890041694,-0.2947535084080972,-4704.0,0.19999999999999996,-1.0,-1.0,1.0,1.0,0.0,1.0,-0.7999999999999972,0.0,,-0.39999999999999997
M1plusM2plusRWTS_indices_logistic,4,251,2024-07-26__BLG__NIP__G3,2024-07-26,1,2177.324649966199,0.03432301074066809,0.13841654443480747,0.6307922463078433,-0.8310974976865899,0.32089976904773054,3.5866794375290025,1.1649064752051244,1.5623009251126052,-0.008410820956894438,0.19799484210029317,0.32458632572612545,-1108.0,-0.050000000000000044,0.0,1.0,-1.0,0.0,6.0,1.0,5.0,0.0,0.0,0.3333333333333333
M1plusM2plusRWTS_indices_logistic,4,252,2024-07-26__OMG__TT__G1,2024-07-26,0,2426.127007430976,0.017958139340580163,-0.056150059729612956,-0.006977587238864602,-0.033137826584225066,-1.2186974048667387,0.28552158962048435,1.155652238676755,-6.806998721333693,-0.0012951994600588603,-0.32597745490359814,-0.36023580545545736,-1798.0,-0.5,0.0,1.0,-1.0,-2.0,-2.0,-1.0,-23.599999999999994,0.0,,-0.8
M1plusM2plusRWTS_indices_logistic,4,253,2024-07-26__OMG__TT__G2,2024-07-26,1,2373.3885114049035,-0.001971855596479108,0.12454147650397732,0.802707667298517,-0.12662852057500085,0.9305120727575591,2.75553933350403,0.6954220939855782,8.334734985250856,0.0488102611791661,-0.13863663749338168,0.11158792082868783,11260.0,-0.006600000000000161,2.0,1.0,-1.0,2.0,2.0,1.0,24.799999999999997,0.0,1.0,0.5
M1plusM2plusRWTS_indices_logistic,4,254,2024-07-27__EDG__UP__G1,2024-07-27,1,2509.2293718076126,-0.013013529220102165,0.11796595916027136,0.309649719030282,-0.16028449822217566,-0.20292235606499726,1.4518325118758848,0.3675167684990288,-3.742922933761472,-0.004225967337061991,-0.19386985358782544,-0.299429911954962,416.0,-0.16660000000000003,0.0,1.0,-1.0,1.0,0.0,1.0,10.0,0.0,0.0,0.5
M1plusM2plusRWTS_indices_logistic,4,255,2024-07-27__EDG__UP__G2,2024-07-27,0,2884.127950310254,0.009514800253794885,0.16784136357073218,0.4855113221626645,0.31095959328460154,1.265813114981289,4.2317281514171325,0.3890484581264235,7.214600334678815,-0.0031632628738402667,0.40284744271556994,0.19797739449292637,11276.0,0.09999999999999998,4.0,1.0,-1.0,-3.0,6.0,-1.0,-3.200000000000003,0.0,0.0,-0.6000000000000001
M1plusM2plusRWTS_indices_logistic,4,256,2024-07-27__FPX__TES__G1,2024-07-27,0,-445.7378109612355,0.07253182737135301,-0.6740142096720555,-0.15084718911567224,-0.26890360545571534,0.08512880982899196,1.6030207306292172,0.27003782858492453,-5.709888659966137,0.007633400396178496,0.5240338632177867,-0.012828817599596195,-4558.0,0.1866,-1.0,-1.0,-1.0,-3.0,6.0,1.0,-6.400000000000006,0.0,,-0.19999999999999996
M1plusM2plusRWTS_indices_logistic,4,257,2024-07-27__FPX__TES__G2,2024-07-27,1,2927.079937093074,-0.03494836823709504,0.5663466604850421,0.10545176414563323,-0.2864718444487644,0.44994165726043855,2.497593561026031,0.06066529312638172,13.147812728130777,-0.0012836350841760975,0.21590969801989124,0.09277558215935448,9144.0,-0.024799999999999933,1.0,1.0,1.0,2.0,-2.0,1.0,3.5999999999999943,0.0,1.0,1.0
M1plusM2plusRWTS_indices_logistic,4,258,2024-07-27__LGD__LNG__G1,2024-07-27,1,736.8794741724312,0.03241901262921869,-0.7573172831075071,0.2776198955836284,0.2407880659625957,1.1544503125432928,1.9156903251593036,0.4183254377965979,6.845243837703556,0.011374882233368553,0.46350199311407597,0.004513787712395755,-5888.0,-0.06999999999999995,-1.0,-1.0,-1.0,-3.0,2.0,-1.0,5.200000000000003,0.0,0.0,0.5
M1plusM2plusRWTS_indices_logistic,4,259,2024-07-27__LGD__LNG__G2,2024-07-27,1,4626.474891509232,-0.0316574077073792,0.9626061722379164,0.6740887317725368,-0.3783796886095838,-0.8746097494112004,2.4306906459429976,0.396209348443888,-0.5918216709750128,-0.002763674297782734,-0.3532224485479087,-0.10283934995897583,3012.0,0.3336,0.0,1.0,1.0,1.0,-2.0,-1.0,-4.0,0.0,1.0,0.5
M1plusM2plusRWTS_indices_logistic,4,260,2024-07-27__LGD__LNG__G3,2024-07-27,0,1687.8376115926826,-0.015535922388462776,-0.506107555280113,0.2668079472511448,0.0738956514375124,1.373553548164326,1.814681896402978,0.15197390180233425,8.9566710502536,0.018424663156292726,0.6294806640345516,-0.0026247569429711966,4386.0,0.13339999999999996,0.0,-1.0,-1.0,-4.0,6.0,1.0,11.599999999999994,0.0,,-0.5
M1plusM2plusRWTS_indices_logistic,4,261,2024-07-28__AL__LNG__G1,2024-07-28,1,1519.1136575566347,0.017428443477059633,-0.2838960024346592,0.547189727454243,-0.2221543828708361,0.6902960774244772,2.560737526789134,0.7691237505981642,0.8335032715975781,-0.044680437808523384,0.48582481762761615,0.16572308538618993,-6610.0,0.30000000000000004,-2.0,-1.0,1.0,1.0,-6.0,-1.0,12.0,0.0,1.0,0.0
M1plusM2plusRWTS_indices_logistic,4,262,2024-07-28__AL__LNG__G2,2024-07-28,1,-419.0578811967016,-0.009210817407811822,-0.0858373473246522,0.0719526769002734,-0.31681331940037816,0.28032280482455296,1.6034119692366748,0.10353589410020123,3.376439274277751,-0.002197546829945122,0.4614256920981269,-0.4408110326778236,2516.0,0.19999999999999996,0.0,1.0,-1.0,-1.0,4.0,-1.0,2.5999999999999943,0.0,,0.3333333333333333
M1plusM2plusRWTS_indices_logistic,4,263,2024-07-28__AL__LNG__G3,2024-07-28,0,486.59703591772404,0.02829897392206451,-0.5932233941367558,0.3280845601116937,0.04196089734670347,1.0684719384632637,2.7733274188504153,0.2570220323820843,10.23202962184582,-0.0059569932527128245,0.5148257719951016,0.17684597631849938,4038.0,0.28,0.0,1.0,-1.0,-3.0,4.0,-1.0,3.200000000000003,0.0,,-0.6000000000000001
M1plusM2plusRWTS_indices_logistic,4,264,2024-07-28__FPX__WBG__G1,2024-07-28,0,993.0432675917339,0.030227158865411725,-0.7165815687953127,-0.1963988500295762,0.28490651429728475,1.1132967797184936,2.640796601770356,0.15979342106786185,5.805983339726837,-0.0019408372603900081,0.12758137800343294,0.10719850840834301,-9078.0,0.07000000000000006,-1.0,-1.0,-1.0,-3.0,6.0,-1.0,-0.4000000000000057,0.0,-0.5,-0.6666666666666667
M1plusM2plusRWTS_indices_logistic,4,265,2024-07-28__FPX__WBG__G2,2024-07-28,1,5101.360341780874,-0.1165782071858069,1.1034556293793403,0.7395703121707271,-0.26928307973586874,0.11567038624447701,3.140447704098559,-0.0723449935000541,10.26552956200999,0.00479867326230649,0.12391183531511767,-0.1854156466332454,-614.0,0.20019999999999993,1.0,1.0,-1.0,0.0,2.0,1.0,24.0,0.0,,0.4285714285714286
M1plusM2plusRWTS_indices_logistic,4,266,2024-07-28__WE__iG__G1,2024-07-28,1,-904.8923656074571,0.008745835507308689,0.12943762816042942,0.4470015204358874,-0.13496438752946388,-0.6498071856448708,1.8484255675237693,0.07048484005999686,0.3193051829850826,0.013306024471249438,0.07710909534443296,-0.586993379570731,-192.0,0.19999999999999996,0.0,-1.0,-1.0,1.0,-6.0,-1.0,-4.200000000000003,0.0,,0.22222222222222227
M1plusM2plusRWTS_indices_logistic,4,267,2024-07-28__WE__iG__G2,2024-07-28,1,217.20529092087577,0.06988235870042317,-0.028355961875037528,0.660396445746313,-0.07859609666164033,-0.36317352026457,2.187943228043441,0.816195446708751,-3.540046629707895,-0.030541083157841337,0.30170866647889033,-0.3251060259016002,3526.0,0.1571999999999999,0.0,1.0,1.0,4.0,4.0,-1.0,-3.0,0.0,1.0,1.0
M1plusM2plusRWTS_indices_logistic,4,268,2024-07-29__OMG__RA__G1,2024-07-29,1,1922.9446287045798,0.02176718128776848,-0.4545112768431546,-0.09203882371394406,0.3260389591500934,0.8434231574270672,1.6974809077082602,0.9702078900952291,5.519046935079568,0.00520017035764535,0.32420835808725695,0.03911781773343895,1122.0,0.06679999999999997,0.0,-1.0,-1.0,2.0,6.0,1.0,21.200000000000003,0.0,,0.25
M1plusM2plusRWTS_indices_logistic,4,269,2024-07-29__OMG__RA__G2,2024-07-29,0,489.39721088945555,0.03445206767785549,0.10573152683905668,0.6614319295968532,-0.23459792134638502,-0.2026085815535849,2.3867228688936626,0.7451442516981266,-5.6868731169827935,-0.018704228631143637,-0.34726047593866816,-0.3326540933981684,-1604.0,0.000200000000000089,0.0,-1.0,1.0,4.0,-4.0,1.0,-13.200000000000003,0.0,-1.0,-0.6666666666666667
M1plusM2plusRWTS_indices_logistic,4,270,2024-07-29__RNG__TT__G1,2024-07-29,0,197.94514426370324,-0.026469149604886114,-0.18506921624136996,-0.04335015752023358,-0.3980344096160362,0.08046646929063161,3.126809342782316,0.791965798128725,8.972684311023745,-0.005857622890730648,-0.16311323306384362,0.2491299372864869,-3248.0,-0.17999999999999994,-1.0,-1.0,1.0,-2.0,0.0,-1.0,-14.0,0.0,1.0,-1.0
M1plusM2plusRWTS_indices_logistic,4,271,2024-07-29__RNG__TT__G2,2024-07-29,0,-1869.0041994388394,0.0018000001999418534,-0.6008131788399395,-0.31456443479532054,-0.35668123801360896,-0.30564475968642446,2.347360824522158,0.9382375080487364,-1.224172327674327,0.0011175021711197905,-0.2618179904802184,0.1459703519016275,-1538.0,0.09999999999999998,0.0,-1.0,1.0,-1.0,0.0,1.0,-28.599999999999994,0.0,,-0.3333333333333333
M1plusM2plusRWTS_indices_logistic,4,272,2024-07-30__AL__BLG__G1,2024-07-30,1,-1086.1201003735,-0.002915869711328339,-0.4242965879550594,0.6570992025654168,-0.4520453118047587,0.013334946010521709,1.1923741367216532,0.1483595133150897,-3.059732084896334,-0.004374352813355564,0.3727021706556628,-0.14822313384099514,3632.0,-0.10000000000000003,0.0,1.0,1.0,1.0,0.0,1.0,-0.7999999999999972,0.0,,1.0
M1plusM2plusRWTS_indices_logistic,4,273,2024-07-30__AL__BLG__G2,2024-07-30,0,1789.9036893123466,0.030582680450914636,0.00862825420268759,1.1151136394000738,-0.657827065569413,-0.23976577843953162,1.2992627451200027,0.007911309310703274,0.9651455695326425,-0.0015449056545547664,0.15382808268096054,-0.032600844896909856,-360.0,0.03320000000000001,1.0,1.0,-1.0,-3.0,4.0,1.0,-2.4000000000000057,0.0,-1.0,0.0
M1plusM2plusRWTS_indices_logistic,4,274,2024-07-30__AL__BLG__G3,2024-07-30,1,-237.6227800190918,0.010747272742364884,-0.29887129855549455,0.7499745553217054,-0.3960563222080008,0.49530047593125914,2.2448232475440046,-0.077739836686578,7.322025286027144,-0.0035264492483449645,0.40572462762355926,-0.062144259073380545,5784.0,0.0,3.0,1.0,1.0,4.0,6.0,-1.0,16.0,0.0,1.0,1.0
M1plusM2plusRWTS_indices_logistic,4,275,2024-07-30__LGD__NIP__G1,2024-07-30,1,2888.1010925325763,0.028410602707482236,0.09712388698289759,0.42781267032718767,0.3698268166613843,-0.03524028739074525,3.0529032546715644,1.3945716196044908,8.447025180125717,0.004417805948598845,0.36032752309017096,0.17741707664760722,1252.0,-0.11099999999999993,0.0,1.0,1.0,3.0,6.0,1.0,-0.4000000000000057,0.0,0.0,0.10000000000000003
M1plusM2plusRWTS_indices_logistic,4,276,2024-07-30__LGD__NIP__G2,2024-07-30,1,-1958.7090171101977,0.11104260862405299,-0.8023101039093857,-0.7174424532698946,-0.34791983443354646,0.7213901485186348,3.249160881806193,1.3677451512159413,-2.6346245588794837,-0.013385495693644594,-0.031158250396004852,0.019354875374289607,-2300.0,-0.21400000000000002,0.0,-1.0,-1.0,0.0,2.0,1.0,6.799999999999997,0.0,-1.0,0.0
M1plusM2plusRWTS_indices_logistic,4,277,2024-07-30__LGD__NIP__G3,2024-07-30,0,1541.8378811489679,-0.04517064010869746,-0.24233410048830883,0.2031048630309697,0.5527398348342808,-0.3357757061162028,2.254050840561468,0.8789400567319507,-2.08912287361946,-0.010751691945442735,0.20170805481627357,-0.25896485030288036,-104.0,0.12,0.0,-1.0,-1.0,-4.0,2.0,-1.0,-7.799999999999997,0.0,,-1.0
M1plusM2plusRWTS_indices_logistic,4,278,2024-07-31__BLG__FPX__G1,2024-07-31,0,-956.1515177022557,0.09323756273455086,-1.2205028308519221,-0.47408907708665954,0.2628957020298601,0.44749364631082544,2.173051815412934,1.1106665362284434,-0.46721270600928655,-0.011304412250608874,0.3691380658807972,-0.005539591299327535,6978.0,0.12359999999999999,1.0,1.0,-1.0,0.0,6.0,1.0,1.7999999999999972,0.0,-0.3333333333333333,-0.5
M1plusM2plusRWTS_indices_logistic,4,279,2024-07-31__BLG__FPX__G2,2024-07-31,1,4181.77084485731,-0.03903308641068221,0.6049813108204799,1.012924812288901,-0.2699272296711156,0.6042103966052932,3.240400059086178,-0.031086501230569302,14.90498683266939,-0.002041506373026656,0.6314466058052073,0.21991469708237785,8208.0,0.23339999999999994,1.0,1.0,-1.0,-1.0,4.0,1.0,23.599999999999994,0.0,1.0,1.0
M1plusM2plusRWTS_indices_logistic,4,280,2024-07-31__JDG__TES__G1,2024-07-31,0,-415.5364517932617,0.09915556572852903,-0.6657386486864416,-0.22392065040352277,-0.06811819595311297,0.3076678707076752,1.8643821371304,-0.03379322690128231,9.224543226332258,0.004482223986798143,0.5626681931006111,-0.16917910290736474,-1884.0,-0.32999999999999996,0.0,-1.0,1.0,-2.0,2.0,-1.0,7.400000000000006,0.0,-1.0,-0.39999999999999997
M1plusM2plusRWTS_indices_logistic,4,281,2024-07-31__JDG__TES__G2,2024-07-31,1,1868.5846528021589,-0.018860355995100022,0.2633508745112321,-0.036851303026570165,-0.6601913367075043,-0.718946092582536,1.5922922962453623,0.19187414993993163,-7.079249234451376,-0.016272199978536232,-0.30445286227181156,-0.09461065480423099,-96.0,0.0,1.0,-1.0,1.0,0.0,6.0,1.0,-1.0,0.0,,0.3333333333333333
