variant,fold,row_index,match_id,Date,y_true,idx_early_lane,idx_objective_control,idx_fight_control,idx_resource_control
M1plusM2plusRWTS_indices_logistic,1,114,2024-06-26__RA__TES__G1,2024-06-26,1,1.8955395944773938,1.6189597082010139,0.2633983976136199,2.348744505626344
M1plusM2plusRWTS_indices_logistic,1,115,2024-06-26__RA__TES__G2,2024-06-26,0,-0.30939315975638443,0.5808159415498111,0.46201357446959807,-0.12903153453450006
M1plusM2plusRWTS_indices_logistic,1,116,2024-06-27__BLG__LGD__G1,2024-06-27,1,0.521483961376158,0.9925882694236471,0.06309631162432676,0.7262198275173303
M1plusM2plusRWTS_indices_logistic,1,117,2024-06-27__BLG__LGD__G2,2024-06-27,1,0.618104346300809,1.0030985461908728,0.5046992062752859,0.7671802670033224
M1plusM2plusRWTS_indices_logistic,1,118,2024-06-27__BLG__LGD__G3,2024-06-27,1,0.21472104424543348,0.8985679093425989,0.18260183000882138,1.4087103564182324
M1plusM2plusRWTS_indices_logistic,1,119,2024-06-27__RNG__WE__G1,2024-06-27,1,-1.5396652533582051,-1.570092104485628,-1.0319109183400945,-2.044064604723385
M1plusM2plusRWTS_indices_logistic,1,120,2024-06-27__RNG__WE__G2,2024-06-27,1,-0.05119169497328624,1.3987639340855684,-0.11384203014786703,0.9303129520177849
M1plusM2plusRWTS_indices_logistic,1,121,2024-06-27__RNG__WE__G3,2024-06-27,0,-0.12124917131409821,1.375461683258878,-0.8474063705647775,0.7817353623965242
M1plusM2plusRWTS_indices_logistic,1,122,2024-06-28__EDG__JDG__G1,2024-06-28,1,0.07517573216739365,2.1187047840182496,-1.281131002621799,1.426777294503523
M1plusM2plusRWTS_indices_logistic,1,123,2024-06-28__EDG__JDG__G2,2024-06-28,0,-0.6209625095026823,0.40292464482799417,-0.1714176886395947,-0.9983357744110598
M1plusM2plusRWTS_indices_logistic,1,124,2024-06-28__FPX__TT__G1,2024-06-28,1,-0.23164480297646622,0.4241167520790978,-0.7307027697104137,-0.8399284251331108
M1plusM2plusRWTS_indices_logistic,1,125,2024-06-28__FPX__TT__G2,2024-06-28,0,-0.5186623710933883,0.7091163445904867,-0.806060528884777,-0.27366709301883374
M1plusM2plusRWTS_indices_logistic,1,126,2024-06-29__IG__WBG__G1,2024-06-29,0,-1.8311212687092797,0.766845481363494,-2.511392916605183,-0.6316495275140404
M1plusM2plusRWTS_indices_logistic,1,127,2024-06-29__IG__WBG__G2,2024-06-29,1,-0.40427557010596193,0.7766956078923233,0.43053845856892475,0.3818798357454575
M1plusM2plusRWTS_indices_logistic,1,128,2024-06-29__NIP__UP__G1,2024-06-29,0,-1.4771729625552816,1.17724306306708,-0.9105707422978352,-0.9327389528897522
M1plusM2plusRWTS_indices_logistic,1,129,2024-06-29__NIP__UP__G2,2024-06-29,1,0.048516460523503224,0.7408833858024756,-1.793206959201429,0.7129161848595196
M1plusM2plusRWTS_indices_logistic,1,130,2024-07-05__AL__FPX__G1,2024-07-05,1,0.4500551249595415,1.653560030259786,0.3129791208975887,0.9538838473631199
M1plusM2plusRWTS_indices_logistic,1,131,2024-07-05__AL__FPX__G2,2024-07-05,0,0.04884312904795139,0.8198466966292111,-0.48842132480275086,0.8717594857888935
M1plusM2plusRWTS_indices_logistic,1,132,2024-07-05__EDG__RNG__G1,2024-07-05,1,-1.3288246237347177,0.8124525904519665,1.0439865840587272,-1.2260016655360877
M1plusM2plusRWTS_indices_logistic,1,133,2024-07-05__EDG__RNG__G2,2024-07-05,0,-0.8383932804614775,1.708928747154522,1.367091174602466,-0.550585803198168
M1plusM2plusRWTS_indices_logistic,1,134,2024-07-05__EDG__RNG__G3,2024-07-05,1,-1.6323003366112916,1.2032476367472056,0.44356084853869676,-1.093663868146138
M1plusM2plusRWTS_indices_logistic,1,135,2024-07-06__JDG__WBG__G1,2024-07-06,0,1.338768038499563,1.5736883768135568,-0.6594586597028382,3.446766244133125
M1plusM2plusRWTS_indices_logistic,1,136,2024-07-06__JDG__WBG__G2,2024-07-06,1,-0.3812234802475698,1.6058533714059275,0.04626911214884114,-1.4625903427208928
M1plusM2plusRWTS_indices_logistic,1,137,2024-07-06__RA__TT__G1,2024-07-06,0,-0.9124169175927636,0.19231691269893236,-1.2406211744938052,-0.41483069785047955
M1plusM2plusRWTS_indices_logistic,1,138,2024-07-06__RA__TT__G2,2024-07-06,1,-0.6881993117113853,1.4009839911836077,-1.0466442880777274,-0.1561292871974896
M1plusM2plusRWTS_indices_logistic,1,139,2024-07-07__LNG__NIP__G1,2024-07-07,0,0.9607954534530518,0.2028766455630938,-0.5162586642232909,0.2629569357334354
M1plusM2plusRWTS_indices_logistic,1,140,2024-07-07__LNG__NIP__G2,2024-07-07,1,-1.0085884831048655,2.6464445448714145,-0.5031082152561225,0.5721593371750441
M1plusM2plusRWTS_indices_logistic,1,141,2024-07-07__UP__iG__G1,2024-07-07,0,-0.5894174243303412,0.1807006960931845,-0.5888805530552781,-1.1454469776962835
M1plusM2plusRWTS_indices_logistic,1,142,2024-07-07__UP__iG__G2,2024-07-07,1,-2.104224014775949,0.7523523730067805,-3.0702535180427084,-0.12923153652025193
M1plusM2plusRWTS_indices_logistic,1,143,2024-07-08__AL__LGD__G1,2024-07-08,0,0.14684107379410566,1.1704582359610456,-1.8278839884747435,2.1271900215043544
M1plusM2plusRWTS_indices_logistic,1,144,2024-07-08__AL__LGD__G2,2024-07-08,1,1.1016781601088754,1.7413645897210925,0.9317183746246348,-0.7447425001258127
M1plusM2plusRWTS_indices_logistic,1,145,2024-07-08__EDG__WE__G1,2024-07-08,0,-1.5952593533090393,0.24556038765010746,-0.6168509262302359,-2.9460765243485754
M1plusM2plusRWTS_indices_logistic,1,146,2024-07-08__EDG__WE__G2,2024-07-08,1,0.7239037949200612,0.31131087941196334,-1.2412533343398866,2.6879477511359675
M1plusM2plusRWTS_indices_logistic,1,147,2024-07-09__FPX__JDG__G1,2024-07-09,1,0.22574556851210348,2.193356622119245,-0.46740099447107825,1.1495044820645761
M1plusM2plusRWTS_indices_logistic,1,148,2024-07-09__FPX__JDG__G2,2024-07-09,1,-0.5251124032545009,1.1491949991500006,0.05897902737198343,-0.5105085364063839
M1plusM2plusRWTS_indices_logistic,1,149,2024-07-09__FPX__JDG__G3,2024-07-09,1,0.0925871538244947,2.1481781535226974,-0.27328001571636146,1.7352549613324555
M1plusM2plusRWTS_indices_logistic,1,150,2024-07-09__OMG__RNG__G1,2024-07-09,1,-0.35539630304054026,-0.8691297895860208,0.44260383096778844,0.4790994998227372
M1plusM2plusRWTS_indices_logistic,1,151,2024-07-09__OMG__RNG__G2,2024-07-09,0,-0.6703943492098154,0.04700722226573013,-1.8040842799917893,-1.0132067732066432
M1plusM2plusRWTS_indices_logistic,1,152,2024-07-10__LNG__WBG__G1,2024-07-10,1,0.30803668576883037,1.9343112082217013,-1.2369008936243147,1.0171573471480815
M1plusM2plusRWTS_indices_logistic,1,153,2024-07-10__LNG__WBG__G2,2024-07-10,1,-0.5577600250020796,1.6399234701334466,-0.29835292587276124,-0.26497457803608276
M1plusM2plusRWTS_indices_logistic,1,154,2024-07-10__LNG__WBG__G3,2024-07-10,1,-0.21261725604468426,1.5741703884191691,-1.1822690169968324,1.3670885324011872
M1plusM2plusRWTS_indices_logistic,1,155,2024-07-10__TT__iG__G1,2024-07-10,1,-0.43244785632630156,0.9201073801533219,-0.5493255899045021,0.8879957955984326
M1plusM2plusRWTS_indices_logistic,2,156,2024-07-10__TT__iG__G2,2024-07-10,0,-1.2775521439529434,0.2529386198027521,-1.4652079472978656,-2.4532804445420133
M1plusM2plusRWTS_indices_logistic,2,157,2024-07-11__AL__NIP__G1,2024-07-11,0,0.37228042144133777,-1.0946630720065305,-1.2051058108105697,-0.932485710490393
M1plusM2plusRWTS_indices_logistic,2,158,2024-07-11__AL__NIP__G2,2024-07-11,1,-0.16837521238815528,0.8906571295506482,0.30359434655510653,0.7557481756683341
M1plusM2plusRWTS_indices_logistic,2,159,2024-07-11__RA__UP__G1,2024-07-11,1,-0.3251036325123291,0.5984682791118558,0.20189252958271578,-0.666954206721576
M1plusM2plusRWTS_indices_logistic,2,160,2024-07-11__RA__UP__G2,2024-07-11,0,-0.7180882321035629,-0.22539431333647644,-1.7662778030533708,0.20419903580731877
M1plusM2plusRWTS_indices_logistic,2,161,2024-07-12__BLG__TES__G1,2024-07-12,1,0.8161064274416042,1.0339585813157928,-0.4420276664981812,0.12892603823519388
M1plusM2plusRWTS_indices_logistic,2,162,2024-07-12__BLG__TES__G2,2024-07-12,1,0.3817959050036037,-0.40808484044173093,0.23528765573547397,-0.03377229205144995
M1plusM2plusRWTS_indices_logistic,2,163,2024-07-12__BLG__TES__G3,2024-07-12,0,0.39683905896970856,0.9050266858248033,-0.830780659921415,-0.7772889536705682
M1plusM2plusRWTS_indices_logistic,2,164,2024-07-12__EDG__OMG__G1,2024-07-12,0,-1.9558869873818197,1.2359082114856335,-0.2574568065742753,-2.281791343259681
M1plusM2plusRWTS_indices_logistic,2,165,2024-07-12__EDG__OMG__G2,2024-07-12,0,0.577806683748237,-1.7024973409895008,-1.072542221017808,1.167486982291363
M1plusM2plusRWTS_indices_logistic,2,166,2024-07-12__EDG__OMG__G3,2024-07-12,0,-1.7592094572511843,1.0017476937209282,-1.6152009632276858,-2.930986410065042
M1plusM2plusRWTS_indices_logistic,2,167,2024-07-12__JDG__LGD__G1,2024-07-12,0,-0.5675414874631525,0.42576462564189554,-0.13153777487303578,0.4258984430175883
M1plusM2plusRWTS_indices_logistic,2,168,2024-07-12__JDG__LGD__G2,2024-07-12,1,1.283143520320574,1.1015409314308648,0.3245123551019171,0.7497884112204354
M1plusM2plusRWTS_indices_logistic,2,169,2024-07-13__NIP__WBG__G1,2024-07-13,1,-0.7702161104867707,0.4152031928072711,-0.6780771092677709,-1.0421749087070689
M1plusM2plusRWTS_indices_logistic,2,170,2024-07-13__NIP__WBG__G2,2024-07-13,0,0.009179758043738162,-0.6076353758358184,-1.2901309432727317,-0.9307146142287921
M1plusM2plusRWTS_indices_logistic,2,171,2024-07-13__RA__iG__G1,2024-07-13,1,0.6929865015775855,0.03520406425714967,-1.8490013296332624,-0.4206716384154582
M1plusM2plusRWTS_indices_logistic,2,172,2024-07-13__RA__iG__G2,2024-07-13,0,-1.9866724427991131,0.2215481464171663,-1.5566273780578372,-2.183428916532846
M1plusM2plusRWTS_indices_logistic,2,173,2024-07-13__RNG__WE__G1,2024-07-13,1,0.023099258229004493,0.9916159203565806,-0.9530339286438251,0.21744598255574535
M1plusM2plusRWTS_indices_logistic,2,174,2024-07-13__RNG__WE__G2,2024-07-13,1,0.23492394333554034,0.8092177324376599,-0.8956462304667205,1.6475045311233285
M1plusM2plusRWTS_indices_logistic,2,175,2024-07-14__AL__JDG__G1,2024-07-14,0,0.4332530164850676,1.315019642602099,0.014334404882834365,0.1030283575598151
M1plusM2plusRWTS_indices_logistic,2,176,2024-07-14__AL__JDG__G2,2024-07-14,0,0.8105741910192987,0.13511454144596238,0.04076815267019914,1.442963517023111
M1plusM2plusRWTS_indices_logistic,2,177,2024-07-14__AL__JDG__G3,2024-07-14,0,0.4558962269862097,1.0337007721252547,0.024090220433902854,0.013958053573168582
M1plusM2plusRWTS_indices_logistic,2,178,2024-07-14__LNG__TES__G1,2024-07-14,1,-0.7985388578391045,0.5524981083160005,0.4527628326050994,-0.6221708176006415
M1plusM2plusRWTS_indices_logistic,2,179,2024-07-14__LNG__TES__G2,2024-07-14,0,0.5293782640879926,0.11630310484661614,-0.5448920225730495,1.345598725225115
M1plusM2plusRWTS_indices_logistic,2,180,2024-07-14__TT__UP__G1,2024-07-14,0,-0.5814362093517258,0.35758233467465356,-0.9732809118279979,-2.096712334539683
M1plusM2plusRWTS_indices_logistic,2,181,2024-07-14__TT__UP__G2,2024-07-14,1,-0.6057683086348751,0.25715383912912915,-1.0855936503749,0.43720854882425586
M1plusM2plusRWTS_indices_logistic,2,182,2024-07-15__BLG__LGD__G1,2024-07-15,1,0.5945687749612706,0.6808328497458376,-0.8977130310864645,0.0951167413206193
M1plusM2plusRWTS_indices_logistic,2,183,2024-07-15__BLG__LGD__G2,2024-07-15,0,-0.9795959212124343,-0.3832033437764104,-0.77625513772881,-1.3595386538926078
M1plusM2plusRWTS_indices_logistic,2,184,2024-07-15__OMG__iG__G1,2024-07-15,0,-2.658311972136019,1.03838866631799,0.281897944189679,-2.09316555080096
M1plusM2plusRWTS_indices_logistic,2,185,2024-07-15__OMG__iG__G2,2024-07-15,0,2.0594849980768863,-1.4594129308931947,-1.044250450551538,2.6862751271947274
M1plusM2plusRWTS_indices_logistic,2,186,2024-07-15__OMG__iG__G3,2024-07-15,0,-3.332403558238184,1.2272666265454117,0.13342971511672216,-1.5451323425929762
M1plusM2plusRWTS_indices_logistic,2,187,2024-07-16__EDG__RA__G1,2024-07-16,1,-0.6347938000088322,0.06202269957344708,-1.80637402118312,-0.6985448553118508
M1plusM2plusRWTS_indices_logistic,2,188,2024-07-16__EDG__RA__G2,2024-07-16,1,-0.6519762307454082,-0.002187463153847575,-0.6089813293946366,-1.0691047275387615
M1plusM2plusRWTS_indices_logistic,2,189,2024-07-16__EDG__RA__G3,2024-07-16,1,-0.20435794771621724,-0.076740194520628,-1.0206800027442544,0.3551015122049716
M1plusM2plusRWTS_indices_logistic,2,190,2024-07-16__FPX__NIP__G1,2024-07-16,0,-0.9743517157885877,0.48248312134003996,-1.0702651496398436,0.19107015067299346
M1plusM2plusRWTS_indices_logistic,2,191,2024-07-16__FPX__NIP__G2,2024-07-16,0,0.1274218649877668,1.2135166476924828,-0.7832504310555954,0.02006815544385687
M1plusM2plusRWTS_indices_logistic,2,192,2024-07-16__FPX__NIP__G3,2024-07-16,1,-0.3829673857420639,1.073641133200071,-0.9413029072069975,0.21202762782102702
M1plusM2plusRWTS_indices_logistic,2,193,2024-07-17__TES__WBG__G1,2024-07-17,1,1.345935871403662,0.29580830586793855,-0.44926265213386457,1.6473719268139126
M1plusM2plusRWTS_indices_logistic,2,194,2024-07-17__TES__WBG__G2,2024-07-17,0,-1.1998982803897102,0.8432698419256505,-0.7297437463998543,-2.106989017165002
M1plusM2plusRWTS_indices_logistic,2,195,2024-07-17__TT__WE__G1,2024-07-17,0,1.6085714622346365,-0.015934040791146714,0.009401716802528215,2.5386593449099455
M1plusM2plusRWTS_indices_logistic,2,196,2024-07-17__TT__WE__G2,2024-07-17,1,-2.124376340569689,0.07504684669925538,-0.019918510739593387,-2.0101753545013747
M1plusM2plusRWTS_indices_logistic,2,197,2024-07-18__AL__WBG__G1,2024-07-18,1,-0.6927103463034823,-0.5165201286477384,-0.1308681427479367,-0.947074885867888
M1plusM2plusRWTS_indices_logistic,3,198,2024-07-18__AL__WBG__G2,2024-07-18,0,0.03389260375159739,1.4600460352153535,0.15242279656660043,1.6401458714416792
M1plusM2plusRWTS_indices_logistic,3,199,2024-07-18__BLG__LNG__G1,2024-07-18,0,0.23015620254904107,0.7934549434809303,0.5360778279905308,0.7236719690561069
M1plusM2plusRWTS_indices_logistic,3,200,2024-07-18__BLG__LNG__G2,2024-07-18,0,-1.0714139612800546,0.3539449103282099,-0.1365090059752672,0.4328460460716991
M1plusM2plusRWTS_indices_logistic,3,201,2024-07-18__BLG__LNG__G3,2024-07-18,1,-0.8955068299300665,0.4987913741744586,0.560581060481398,0.41428151279093306
M1plusM2plusRWTS_indices_logistic,3,202,2024-07-18__RNG__UP__G1,2024-07-18,0,0.5827174307740517,-0.9567824526019167,0.03494164582005451,1.6379544058392277
M1plusM2plusRWTS_indices_logistic,3,203,2024-07-18__RNG__UP__G2,2024-07-18,0,-0.5002431664055355,1.9500669238458102,-1.193264956927689,0.15893017587163452
M1plusM2plusRWTS_indices_logistic,3,204,2024-07-18__RNG__UP__G3,2024-07-18,0,-0.6914399657900294,1.9404390340120787,-1.1766495580085048,0.6455821136584571
M1plusM2plusRWTS_indices_logistic,3,205,2024-07-19__EDG__iG__G1,2024-07-19,1,-0.3521938966050937,0.00948223747764633,-1.2222030224945624,-0.6048847853653858
M1plusM2plusRWTS_indices_logistic,3,206,2024-07-19__EDG__iG__G2,2024-07-19,0,0.34645431185647635,-0.04172741816232073,-2.132982899700417,-1.8760130524272032
M1plusM2plusRWTS_indices_logistic,3,207,2024-07-19__FPX__LGD__G1,2024-07-19,1,-0.8675164182380933,0.42015495500948896,0.18775663664970002,0.519628118024678
M1plusM2plusRWTS_indices_logistic,3,208,2024-07-19__FPX__LGD__G2,2024-07-19,1,0.5404196363389326,0.005667624599961556,-0.9404577131194166,0.0740802020824374
M1plusM2plusRWTS_indices_logistic,3,209,2024-07-19__FPX__LGD__G3,2024-07-19,0,-0.9937845822829725,0.09789629070769135,-0.5136444755193015,-0.19759673924372612
M1plusM2plusRWTS_indices_logistic,3,210,2024-07-19__JDG__NIP__G1,2024-07-19,0,-0.7672558475676227,0.03959407531921341,-0.7289623869616652,-1.333234181033225
M1plusM2plusRWTS_indices_logistic,3,211,2024-07-19__JDG__NIP__G2,2024-07-19,1,-0.918116764813802,0.7797867027518375,-0.14647788148851767,0.848730850608678
M1plusM2plusRWTS_indices_logistic,3,212,2024-07-20__BLG__JDG__G1,2024-07-20,1,-0.31704988005943846,0.6006527658877471,0.8461334347921303,1.6766020340258105
M1plusM2plusRWTS_indices_logistic,3,213,2024-07-20__BLG__JDG__G2,2024-07-20,1,-0.6775562395988703,0.034860688102893875,0.23890010928951685,-0.6512221472535066
M1plusM2plusRWTS_indices_logistic,3,214,2024-07-20__BLG__JDG__G3,2024-07-20,0,-1.1729768321643053,1.030029700448724,0.1069193965450722,1.2153203729163853
M1plusM2plusRWTS_indices_logistic,3,215,2024-07-20__LGD__TES__G1,2024-07-20,1,1.1754711360317027,-0.5591103331376284,-0.7759727852710601,1.4421157640229183
M1plusM2plusRWTS_indices_logistic,3,216,2024-07-20__LGD__TES__G2,2024-07-20,0,-2.630999833198291,0.26014695707991997,-0.7055261722613796,-2.8698532918576585
M1plusM2plusRWTS_indices_logistic,3,217,2024-07-20__OMG__WE__G1,2024-07-20,0,-0.7498110314388021,0.09761782831244625,-1.2191718873351656,-1.5262645835322075
M1plusM2plusRWTS_indices_logistic,3,218,2024-07-20__OMG__WE__G2,2024-07-20,1,0.06559901883157329,-0.4230708762284777,-0.7913644948234225,0.8053602791468397
M1plusM2plusRWTS_indices_logistic,3,219,2024-07-21__FPX__LNG__G1,2024-07-21,0,-0.3040391713747721,0.34051580031264284,0.42010381891937926,1.4744363211533915
M1plusM2plusRWTS_indices_logistic,3,220,2024-07-21__FPX__LNG__G2,2024-07-21,1,-0.7017294883904894,0.924063564584363,-0.3407911344683905,-0.4592241260671985
M1plusM2plusRWTS_indices_logistic,3,221,2024-07-21__UP__WE__G1,2024-07-21,0,-0.6463518113050858,0.3830877289720555,-0.23876224361682738,-0.4338152362504863
M1plusM2plusRWTS_indices_logistic,3,222,2024-07-21__UP__WE__G2,2024-07-21,1,0.08809922114148783,1.1569931204210029,-1.1514850048489167,-0.05086784444451601
M1plusM2plusRWTS_indices_logistic,3,223,2024-07-22__EDG__TT__G1,2024-07-22,0,-0.8233415484484984,0.5834025731393383,-0.06272081055388899,0.9439314503562333
M1plusM2plusRWTS_indices_logistic,3,224,2024-07-22__EDG__TT__G2,2024-07-22,0,0.16682838581085796,0.966830451920158,-1.3273568294366045,-0.7929217979355678
M1plusM2plusRWTS_indices_logistic,3,225,2024-07-22__EDG__TT__G3,2024-07-22,0,-1.2751329683159611,1.0522496892872153,-0.1966745548704438,0.5139350176984175
M1plusM2plusRWTS_indices_logistic,3,226,2024-07-22__RA__RNG__G1,2024-07-22,1,-0.49988832441907244,2.0243764287620776,-0.4226375222672008,1.1652995108180764
M1plusM2plusRWTS_indices_logistic,3,227,2024-07-22__RA__RNG__G2,2024-07-22,1,-0.8674320344219255,2.009653088824738,-0.5485768417485269,0.5627237451090132
M1plusM2plusRWTS_indices_logistic,3,228,2024-07-23__BLG__WBG__G1,2024-07-23,1,-1.2371843357395447,0.11883362431861344,-1.1200096077649933,-0.4843687399866417
M1plusM2plusRWTS_indices_logistic,3,229,2024-07-23__BLG__WBG__G2,2024-07-23,1,-0.2978339553308802,0.1777480072172891,0.09095503433916201,-0.2953152950272077
M1plusM2plusRWTS_indices_logistic,3,230,2024-07-23__BLG__WBG__G3,2024-07-23,0,-1.152298979286409,-0.7055589785798013,-1.3743667060055573,-0.35031509154561596
M1plusM2plusRWTS_indices_logistic,3,231,2024-07-23__NIP__TES__G1,2024-07-23,1,-1.2066651699341449,-0.3593528651716291,-1.0207739197692847,0.41540273457144244
M1plusM2plusRWTS_indices_logistic,3,232,2024-07-23__NIP__TES__G2,2024-07-23,0,-0.6286269272257261,1.3065147704637305,-0.03651694027343725,-0.304442964648787
M1plusM2plusRWTS_indices_logistic,3,233,2024-07-24__JDG__LNG__G1,2024-07-24,1,-0.49310527014669253,0.5696009674026867,0.48226605797709415,1.3086512568293673
M1plusM2plusRWTS_indices_logistic,3,234,2024-07-24__JDG__LNG__G2,2024-07-24,1,-0.44010340613444787,0.2269283922409299,-0.8776158703672167,-0.07864527404272045
M1plusM2plusRWTS_indices_logistic,3,235,2024-07-24__JDG__LNG__G3,2024-07-24,1,-0.11874490125484377,-0.4670060652838396,-0.3571302209791825,0.8276008862931761
M1plusM2plusRWTS_indices_logistic,3,236,2024-07-24__OMG__UP__G1,2024-07-24,1,-0.5542143422160326,1.594681476034772,-0.9221376555790871,0.15634332339895607
M1plusM2plusRWTS_indices_logistic,3,237,2024-07-24__OMG__UP__G2,2024-07-24,0,-0.9110146119577549,0.5136402724078474,-1.9797346197758847,-0.8564452895276605
M1plusM2plusRWTS_indices_logistic,3,238,2024-07-24__OMG__UP__G3,2024-07-24,1,-0.7643863226923538,0.5705002770292467,-0.13970193625180763,0.3236557481525727
M1plusM2plusRWTS_indices_logistic,3,239,2024-07-25__LGD__WBG__G1,2024-07-25,1,0.7945771247322901,0.3157962055041712,-0.7239893124315117,0.3467872538212702
M1plusM2plusRWTS_indices_logistic,4,240,2024-07-25__LGD__WBG__G2,2024-07-25,0,-1.2132218579970782,0.6710172033413931,-0.14408192320258104,-0.20453483667973282
M1plusM2plusRWTS_indices_logistic,4,241,2024-07-25__RA__WE__G1,2024-07-25,1,0.3424731467489076,0.8262025458109359,-0.08764773193862198,1.2722490673418956
M1plusM2plusRWTS_indices_logistic,4,242,2024-07-25__RA__WE__G2,2024-07-25,1,-0.2890785310909799,1.453557518832426,0.7690940570021593,0.15297000508619016
M1plusM2plusRWTS_indices_logistic,4,243,2024-07-25__RA__WE__G3,2024-07-25,1,0.48030960416416046,0.8623142706118938,0.18070940123498327,1.779496461558617
M1plusM2plusRWTS_indices_logistic,4,244,2024-07-25__RNG__iG__G1,2024-07-25,0,0.4558868831792721,0.7999142076910619,-0.00065925319874142,-1.063935609966259
M1plusM2plusRWTS_indices_logistic,4,245,2024-07-25__RNG__iG__G2,2024-07-25,0,-0.05752280927277939,1.6884911146286483,1.1595140092496607,2.6758639453472752
M1plusM2plusRWTS_indices_logistic,4,246,2024-07-25__RNG__iG__G3,2024-07-25,1,-0.16813532517251906,0.8147461914042513,0.011165449163152097,-1.4480890962442683
M1plusM2plusRWTS_indices_logistic,4,247,2024-07-26__AL__TES__G1,2024-07-26,0,0.08887242844517057,0.0657610994659652,0.5016220749594283,-0.0929048937314285
M1plusM2plusRWTS_indices_logistic,4,248,2024-07-26__AL__TES__G2,2024-07-26,1,-0.475153079147905,1.0431450387052137,0.8919695738398948,1.0867203391135094
M1plusM2plusRWTS_indices_logistic,4,249,2024-07-26__BLG__NIP__G1,2024-07-26,0,-0.022524563190595957,0.10930726186481454,-0.21059151680278584,0.21955995549206878
M1plusM2plusRWTS_indices_logistic,4,250,2024-07-26__BLG__NIP__G2,2024-07-26,0,-1.8623936626527293,1.1853455916964175,0.3024429952996601,-1.08237375676012
M1plusM2plusRWTS_indices_logistic,4,251,2024-07-26__BLG__NIP__G3,2024-07-26,1,0.43953347565882983,0.5315069681956086,0.44881648444487315,-0.060476510465539014
M1plusM2plusRWTS_indices_logistic,4,252,2024-07-26__OMG__TT__G1,2024-07-26,0,-0.08915281962401235,0.11984452146742647,-0.9656361469703892,-1.2592594467000704
M1plusM2plusRWTS_indices_logistic,4,253,2024-07-26__OMG__TT__G2,2024-07-26,1,0.34434404430733945,1.1349897065551446,0.6261619010717158,0.9095781812092376
M1plusM2plusRWTS_indices_logistic,4,254,2024-07-27__EDG__UP__G1,2024-07-27,1,0.013578388498063143,0.1354930461785419,-0.7650755188874386,-0.820374244276875
M1plusM2plusRWTS_indices_logistic,4,255,2024-07-27__EDG__UP__G2,2024-07-27,0,0.3025281193892544,1.9821857338908122,0.6355853709549933,0.7491348511677616
M1plusM2plusRWTS_indices_logistic,4,256,2024-07-27__FPX__TES__G1,2024-07-27,0,-0.46551632895144784,0.08407264392421297,0.6951291552699509,-1.10211406102887
M1plusM2plusRWTS_indices_logistic,4,257,2024-07-27__FPX__TES__G2,2024-07-27,1,0.04788694709488483,0.2901598347893317,0.2933737403048538,1.59898299555169
M1plusM2plusRWTS_indices_logistic,4,258,2024-07-27__LGD__LNG__G1,2024-07-27,1,-0.37611427781423157,1.2926136488418052,0.6959378475613032,0.6962297952292625
M1plusM2plusRWTS_indices_logistic,4,259,2024-07-27__LGD__LNG__G2,2024-07-27,1,0.7600246414915486,-0.12563587784912875,-0.7039902256300912,-0.3690238823885352
M1plusM2plusRWTS_indices_logistic,4,260,2024-07-27__LGD__LNG__G3,2024-07-27,0,-0.4286972153927443,0.9729730445706143,1.008366926313178,0.9986616617452364
M1plusM2plusRWTS_indices_logistic,4,261,2024-07-28__AL__LNG__G1,2024-07-28,1,0.01377527885558183,0.9236268046128022,0.0678294734121031,-0.16486639108984566
M1plusM2plusRWTS_indices_logistic,4,262,2024-07-28__AL__LNG__G2,2024-07-28,1,-0.49298271435133145,-0.007634268749126219,-0.06631309915519212,0.19937296187009262
M1plusM2plusRWTS_indices_logistic,4,263,2024-07-28__AL__LNG__G3,2024-07-28,0,-0.3105084591247711,1.1247051990150108,0.7107511177133835,1.1813386069845406
M1plusM2plusRWTS_indices_logistic,4,264,2024-07-28__FPX__WBG__G1,2024-07-28,0,-0.6099482286601179,1.3502036466495029,0.18757525030607636,0.5473705353261841
M1plusM2plusRWTS_indices_logistic,4,265,2024-07-28__FPX__WBG__G2,2024-07-28,1,0.4383593588753634,0.26302886643462087,-0.07695027490112616,1.1861369961365813
M1plusM2plusRWTS_indices_logistic,4,266,2024-07-28__WE__iG__G1,2024-07-28,1,-0.1163595969389293,-0.08879206317571543,-0.5050512414563653,-0.23851794145999003
M1plusM2plusRWTS_indices_logistic,4,267,2024-07-28__WE__iG__G2,2024-07-28,1,0.37729799830685073,0.6446788220629913,-0.5615148561871344,-0.7913151041170381
M1plusM2plusRWTS_indices_logistic,4,268,2024-07-29__OMG__RA__G1,2024-07-29,1,-0.3714701798015715,1.576450182936778,0.465267632700092,0.5062709833676532
M1plusM2plusRWTS_indices_logistic,4,269,2024-07-29__OMG__RA__G2,2024-07-29,0,0.274522202467466,0.5149376662650309,-1.224885911174841,-1.0988174124008907
M1plusM2plusRWTS_indices_logistic,4,270,2024-07-29__RNG__TT__G1,2024-07-29,0,-0.6459608935756466,0.6315159170439413,-0.07029534582184405,1.000955333208281
M1plusM2plusRWTS_indices_logistic,4,271,2024-07-29__RNG__TT__G2,2024-07-29,0,-1.0585806285007808,0.43605778352843294,-0.21858476985801797,-0.4595991048075001
M1plusM2plusRWTS_indices_logistic,4,272,2024-07-30__AL__BLG__G1,2024-07-30,1,-0.36780421770766264,-0.35085504209858104,0.14904641488561107,-0.7225168886546673
M1plusM2plusRWTS_indices_logistic,4,273,2024-07-30__AL__BLG__G2,2024-07-30,0,0.5867631110551028,-0.7644925200947581,0.05405924067525519,-0.14601050742958435
M1plusM2plusRWTS_indices_logistic,4,274,2024-07-30__AL__BLG__G3,2024-07-30,1,-0.08994967037825652,0.019819813013511517,0.3112168953443208,0.7645219449560552
M1plusM2plusRWTS_indices_logistic,4,275,2024-07-30__LGD__NIP__G1,2024-07-30,1,0.3401471881198871,1.9085815858715587,0.6712532898682531,0.9256621518171715
M1plusM2plusRWTS_indices_logistic,4,276,2024-07-30__LGD__NIP__G2,2024-07-30,1,-0.7840125131507946,1.3283456599038392,-0.30047500440409625,-0.6616262920955797
M1plusM2plusRWTS_indices_logistic,4,277,2024-07-30__LGD__NIP__G3,2024-07-30,0,-0.5094363596371659,1.4990501516118182,-0.30571535419938173,-0.583490947490662
M1plusM2plusRWTS_indices_logistic,4,278,2024-07-31__BLG__FPX__G1,2024-07-31,0,-0.8646038334974325,1.5568390885756105,0.21545760588524496,-0.35117542347164277
M1plusM2plusRWTS_indices_logistic,4,279,2024-07-31__BLG__FPX__G2,2024-07-31,1,0.681023187699997,0.4962894085082473,0.9740286252479547,1.8506731514189751
M1plusM2plusRWTS_indices_logistic,4,280,2024-07-31__JDG__TES__G1,2024-07-31,0,-0.34958813028643865,0.29150150309342626,0.5028177041746553,1.037030534570988
M1plusM2plusRWTS_indices_logistic,4,281,2024-07-31__JDG__TES__G2,2024-07-31,1,-0.2029023096834557,-0.7575803270844564,-0.8374982801410353,-1.2982554539281248
